Residue,BondVector,J-1H,J-1H-score,J-13C,J-13C-score,JD-1H,JD-1H-score,JD-13C,JD-13C-score,1H-RDC,1H-RDC-score,13C-RDC_init,13C-RDC-score,13C-RDC
G18,C1'H1',,,,,,,,,,,,,
G21,C1'H1',180.379,6,176.383,3,,,,,,,,,
G28,C1'H1',171.784,6,176.416,6,,,,,,,,,
C29,C1'H1',177.704,6,179.978,5,177.5,8,175.268,6,-0.204,7,-4.71,5.5,-4.71
G32,C1'H1',163.114,10,165.315,10,168.675,10,168.819,10,5.561,10,3.504,10,3.504
G33,C1'H1',166.832,10,167.246,10,170.963,10,172.717,10,4.131,10,5.471,10,5.471
G34,C1'H1',,,,,,,,,,,,,
G36,C1'H1',173.289,8,177.606,8,170.138,6,,,-3.151,7,,,
C37,C1'H1',177.373,6,177.59,5,184.553,6,187.645,4,7.18,6,10.055,4.5,10.055
C39,C1'H1',178.529,3,177.051,2,185.619,4,183.525,3,7.09,3.5,6.474,2.5,6.474
C44,C1'H1',182.772,2,177.193,2,163.339,2,,,-19.433,2,,,
A20,C1'H1',172.195,2.5,,,149.517,3.5,,,-22.678,3,,,
A22,C1'H1',169.509,4,176.68,3.5,163.665,4.5,156.301,4,-5.844,4.25,-20.379,3.75,
U23,C1'H1',169.605,5,172.006,5,173.251,5,173.842,5,3.646,5,1.836,5,1.836
A27,C1'H1',176.312,3.5,,,140.818,4,121.242,2,-35.494,3.75,,,
U31,C1'H1',171.435,3,179.966,3,157.825,5,162.746,5,-13.61,4,-17.22,4,-17.22
A35,C1'H1',166.367,2,174.494,2,162.48,4.5,163.408,4.5,-3.887,3.25,-11.086,3.25,
U38,C1'H1',176.38,5,179.801,5,187.61,4.5,190.6,3.5,11.23,4.75,10.799,4.25,10.799
U40,C1'H1',176.788,4.5,177.797,4.5,169.889,5,169.611,5,-6.899,4.75,-8.186,4.75,-8.186
U42,C1'H1',180.795,2,,,185.271,1,,,,1.5,,,
C19,C6H6,176.751,8,,,203.715,6,,,26.964,7,,,
G21,C8H8,210.106,10,213.16,7,238.728,10,,,28.622,10,,3.5,
C24,C6H6,184.331,10,182.129,10,180.394,10,179.395,10,-3.937,10,-2.734,10,-2.734
G26,C8H8,212.653,10,215.147,8,230.226,10,231.524,10,17.573,10,16.377,9,16.377
G28,C8H8,211.864,10,206.204,8,236.18,9,236.231,7,24.316,9.5,30.027,7.5,30.027
C29,C6H6,179.407,8,,,184.264,4,,,4.857,6,,,
C30,C6H6,,,,,,,,,,,,,
G32,C8H8,212.839,10,215.026,10,219.926,10,226.141,10,7.087,10,11.115,10,11.115
G33,C8H8,211.485,10,209.947,10,224.557,10,225.547,10,13.072,10,15.6,10,15.6
G34,C8H8,,,,,,,,,,,,,
G36,C8H8,213.691,10,210.713,8,226.694,9,227.678,9,13.003,9.5,16.965,8.5,16.965
C37,C6H6,,,,,,,,,,,,,
C39,C6H6,,,,,,,,,,,,,
C41,C6H6,172.372,9,,,195.064,5,,,22.692,7,,,
G43,C8H8,210.519,10,,,231.51,10,,,20.991,10,,,
C44,C6H6,,,,,,,,,,,,,
A20,C8H8,208.507,5,,,240.186,4.5,,,31.679,4.75,,,
A22,C8H8,207.628,5,,,237.278,5,,,29.65,5,,,
U23,C6H6,177.653,5,,,195.626,5,,,17.973,5,,,
U25,C6H6,181.242,5,180.473,4,186.592,4,185.523,3.5,5.35,4.5,5.05,3.75,
A27,C8H8,209.662,5,209.94,3,242.878,5,245.379,3,33.216,5,35.439,3,
U31,C6H6,181.489,5,186.019,,188.679,4,190.041,3.5,7.19,4.5,4.022,,
A35,C8H8,214.059,5,215.609,5,221.906,5,221.597,5,7.847,5,5.988,5,
U40,C6H6,,,,,,,,,,,,,
U42,C6H6,,,,,,,,,,,,,
U38,C6H6,,,,,,,,,,,,,
A22,C2H2,193.224,5,,,230.56,5,,,37.336,5,,,
A27,C2H2,194.537,5,,,210.316,5,,,15.779,5,,,
A20,C2H2,192.46,5,,,230.605,5,,,38.145,5,,,