Residue,res_name,BondVector,j_1h,j_13c,jd_1h,jd_13c,1H-RDC,13C-RDC,d_avg
28,G,C8H8,214.431,215.806,231.787,231.406,17.356,15.6,16.478
26,G,C8H8,215.382,214.539,227.714,227.195,12.332,12.656,12.494
36,G,C8H8,216.186,216.258,225.066,226.531,8.88,10.273,9.5765
25,G,C8H8,217.529,217.641,219.429,218.836,1.9,1.195,1.5475
34,G,C8H8,213.752,215.3859,221.432,222.73,7.68,7.3441,7.51205
27,A,C8H8,214.604,216.336,230.033,230.772,15.429,14.436,14.9325
33,G,C8H8,215.884,215.086,219.245,220.457,3.361,5.371,4.366
32,G,C8H8,214.728,215.352,213.608,214.201,-1.12,-1.151,-1.1355
29,C,C6H6,181.705,183.106,192.228,194.215,10.523,11.109,10.816
35,A,C8H8,216.211,215.551,219.209,219,2.998,3.449,3.2235
38,U,C6H6,180.598,178.866,196.982,,16.384,,16.384
31,U,C6H6,184.24,184.541,179.985,181.397,-4.255,-3.144,-3.6995
40,C,C6H6,180.107,181.787,189.593,,9.486,,9.486
32,G,C1'H1',164.525,164.673,163.122,165.102,-1.403,0.429,-0.487
33,G,C1'H1',167.963,167.72,167.131,166.168,-0.832,-1.552,-1.192
34,G,C1'H1',168.82,174.576,177.968,183.034,9.148,8.458,8.803
35,A,C1'H1',167.103,167.508,160.929,164.723,-6.174,,-6.174
31,U,C1'H1',170.509,,164.407,165.735,-6.102,,-6.102
30,C,C1'H1',171.797,166.307,182.246,,10.449,,10.449
26,G,C1'H1',175.06,174.233,171.367,172.386,-3.693,-1.847,-2.77
28,G,C1'H1',176.296,176.95,175.564,175.737,-0.732,-1.213,-0.9725
36,G,C1'H1',174.817,175.453,153.781,153.35,-21.036,-22.103,-21.5695
29,C,C1'H1',177.846,178.454,190.837,189.802,12.991,11.348,12.1695
39,C,C5H5,174.387,175.104,190.291,189.609,15.904,14.505,15.2045
30,C,C5H5,174.447,175.56,188.879,188.735,14.432,13.175,13.8035
37,C,C5H5,173.874,,179.685,,5.811,,5.811
29,C,C5H5,174.187,,192.539,,18.352,,18.352
31,U,C5H5,177.747,176.999,179.572,,1.825,,1.825
38,U,C5H5,176.618,177.983,186.58,189.926,9.962,11.943,10.9525