res,atom,shift_1,shift_2,shift_3,shift_4,shift_5,shift_6,shift_7,shift_8,shift_9,shift_10,shift_11,shift_12,shift_13,shift_14,shift_15,shift_16,shift_17,shift_18,shift_19,shift_20
18,C1',96.99,99.66,97.42,99.29,98.14,98.02,97.69,98.86,,99.5,97.46,97.48,98.62,99.68,95.33,98.3,99.21,99.54,99.03,96.33
18,C2,146.8,145.65,146.34,145.71,146.01,146.63,145.93,146.18,,145.86,146.36,146.31,146.14,145.28,146.47,145.64,146.19,145.75,146.03,146.01
18,C2',76.8,78.54,77.15,78.59,77.5,77.02,76.95,78.62,,78.76,77.21,77.59,78.01,78.31,75.38,77.12,78.69,78.53,78.12,75.97
18,C3',72.2,74.53,72.54,74.35,73.12,72.7,72.12,74.32,,74.65,72.62,72.77,73.79,74.94,70.57,72.56,74.65,74.44,73.67,71.18
18,C4,147.43,149.1,148.52,148.94,148.67,148.47,148.48,148.41,,148.87,148.68,147.46,148.58,149.36,147.62,148.33,148.8,149.17,149.13,147.82
18,C4',79.66,83.13,80.27,82.87,81.31,80.94,80.61,82.09,,82.63,80.44,80.01,81.78,82.63,77.75,80.58,82.91,82.5,82.28,78.5
18,C5,119.12,119.45,118.54,119.45,118.52,119.24,119.28,119.33,,119.11,118.49,118.94,118.95,119.12,118.24,120.85,119.18,119.4,118.76,118.96
18,C5',65.09,66.12,66.63,65.96,67.13,66.06,64.75,69.54,,67.56,66.87,69.41,68.2,64.57,64.28,66.88,66.72,66.46,66.89,64.93
18,C6,154.27,153.74,153.06,153.59,153.37,153.75,154.01,154.06,,153.67,153.04,154.17,153.58,153.78,153.59,155.45,153.73,153.81,153.28,153.88
18,C8,131.29,130.93,129.97,131.34,130.25,128.78,129.64,131.77,,131.45,129.94,131.41,130.74,131.79,130.69,130.45,131.59,131.21,130,130.47
18,H1,12.42,12.7,12.63,12.75,12.65,12.63,12.48,12.69,,12.73,12.65,12.59,12.61,12.72,12.34,12.39,12.69,12.76,12.72,12.39
18,H1',6.17,6.37,6,6.42,6.05,6.09,6.01,6.33,,6.38,5.98,6.55,6.04,6.5,5.8,6.2,6.27,6.39,6.1,5.98
18,H21,9.18,9.19,9.26,9.18,9.24,9.33,9.02,9.2,,9.27,9.26,9.42,9.21,9.2,9.03,8.84,9.15,9.22,9.3,9.04
18,H22,4.67,4.61,4.88,4.68,4.92,4.89,4.72,4.7,,4.6,4.9,5.13,4.79,4.54,4.88,4.55,4.65,4.57,4.72,4.75
18,H2',4.72,4.96,4.69,4.97,4.77,4.7,4.65,4.98,,5,4.69,5.2,4.79,4.98,4.46,4.85,4.9,4.96,4.79,4.64
18,H3',4.59,4.89,4.5,4.91,4.64,4.67,4.52,4.78,,4.88,4.51,4.97,4.63,4.91,4.27,4.7,4.8,4.88,4.71,4.42
18,H4',4.44,4.77,4.39,4.75,4.46,4.43,4.32,4.72,,4.75,4.4,4.77,4.49,4.81,4.11,4.55,4.64,4.78,4.58,4.32
18,H5',4.25,4.38,4.35,4.43,4.4,4.14,4.32,4.65,,4.51,4.25,5.03,4.44,4.71,4.06,4.44,4.85,4.32,4.31,4.23
18,H5'',3.85,3.94,3.94,3.96,3.95,3.85,3.89,4.33,,4.12,3.96,4.59,4.11,3.83,3.75,4.06,3.97,3.97,3.91,3.84
18,H8,6.8,7.09,7.03,7.08,7.01,6.94,6.95,7.14,,7.12,7.03,7.16,7.11,7.14,6.74,7.07,7.08,7.07,7.06,6.9
18,HO2',2.97,2.98,2.85,2.97,2.91,2.82,2.88,2.92,,2.95,2.86,2.86,2.91,2.99,2.9,2.89,3.01,2.95,2.9,2.86
18,N1,158.88,158.56,158.14,158.53,158.53,158.51,158.81,158.76,,158.17,158.02,158.31,158.48,158.32,158.34,160.17,158.35,158.63,158.47,158.62
18,N2,89.48,88.76,90,88.07,88.48,87.89,88.7,91.13,,90.46,89.82,89.98,89.56,88.83,88.86,89.82,89.53,90,89.41,89.82
18,N3,179.05,182.97,183.25,182.32,182.88,181.34,182.28,181.43,,182.09,183.58,179.27,182.54,183.93,182.72,179.42,182.49,182.28,183.73,181.5
18,N7,247.49,248.02,243.25,246.39,243.72,246.93,246.47,248.55,,247.25,243.12,246.41,245.44,245.98,243.52,250.05,249.05,245.98,243.86,244.29
18,N9,183.27,183.26,180.75,183.09,181.37,180.28,180.65,183.93,,184.03,180.34,182.05,181.89,184.29,181.26,180.73,184.65,183.23,181.43,180.46
18,P,-17.58,-17.93,-19.12,-17.9,-18.26,-17.37,-18.45,-20.63,,-19.62,-18.61,-21.25,-19.03,-17.53,-16.56,-18.95,-18.33,-18.28,-18.87,-18.54
19,C1',98.02,100.64,98.45,100.68,99.12,99.23,98.63,99.71,96.43,100.38,98.71,98.33,99.55,100.67,96.29,99.33,100.31,100.55,100.16,97.27
19,C2,151.46,152.93,150.45,152.88,150.66,151.38,151.09,150.87,150.23,152.15,150.48,149.59,150.56,152.92,150.08,151.58,151.94,152.88,151.57,150.36
19,C2',76.28,77.93,76.5,77.79,77.11,76.57,76.22,78.17,74.65,78.31,76.48,77.07,77.52,78.04,74.92,76.39,78.29,77.95,77.54,75.33
19,C3',72.36,74.61,72.54,74.6,73.24,72.81,72.37,74.36,70.44,74.6,72.67,73.05,73.69,74.7,70.53,72.71,74.78,74.59,73.74,71.27
19,C4,153.15,154.15,154.14,154.31,154.1,154.1,154.46,153.87,153.08,154.04,154.21,151.66,154.37,154.53,152.98,154.2,154.4,154.42,154.89,153.25
19,C4',79.58,83.07,80.36,82.81,81.23,81.07,80.45,81.92,77.52,82.8,80.43,79.71,81.87,82.93,77.87,80.46,82.89,82.77,82.37,78.5
19,C5,93.65,94.26,93.61,93.95,93.65,93.58,94.31,95.77,93.12,94.67,93.58,95.48,94.95,94.14,92.64,95.38,95.27,94.2,93.81,93.49
19,C5',65.59,66.68,67.12,66.54,67.14,65.75,65.85,70.08,64,68.31,66.98,70.11,68.79,66.71,64.3,66.93,67.97,66.96,67.31,65.3
19,C6,137.95,138.46,136.64,138.79,137.46,136.86,137.53,139.82,137.04,138.72,136.56,139.12,138.56,138.38,136.77,140.5,138.81,138.52,137.21,137.21
19,H1',6.04,6.32,5.85,6.27,5.9,5.94,5.82,6.16,5.67,6.27,5.82,6.31,5.91,6.29,5.65,6.02,6.11,6.29,5.98,5.82
19,H2',4.99,5.23,4.91,5.21,4.97,4.93,4.88,5.23,4.68,5.26,4.88,5.43,5,5.22,4.67,5.1,5.13,5.19,5.01,4.84
19,H3',4.56,4.92,4.52,4.95,4.64,4.62,4.48,4.81,4.2,4.9,4.53,4.95,4.6,4.9,4.25,4.7,4.77,4.89,4.7,4.42
19,H41,9.28,9.58,9.3,9.57,9.34,9.44,9.22,9.26,9.03,9.52,9.34,9.28,9.26,9.58,9.09,9.11,9.39,9.6,9.46,9.15
19,H42,5.03,4.92,5.22,4.9,5.18,5.06,5.04,5.13,5.07,5.03,5.21,5.39,5.15,4.91,5.24,4.78,4.99,4.94,5.07,5.09
19,H4',4.46,4.81,4.4,4.79,4.45,4.46,4.34,4.7,4.09,4.8,4.39,4.77,4.49,4.81,4.1,4.56,4.65,4.79,4.57,4.31
19,H5,4.65,4.8,4.7,4.79,4.75,4.62,4.58,4.94,4.49,4.84,4.7,5.11,4.77,4.78,4.47,4.89,4.81,4.76,4.7,4.65
19,H5',4.27,4.46,4.4,4.5,4.42,4.32,4.27,4.75,4.1,4.6,4.37,4.99,4.54,4.47,4.11,4.49,4.5,4.46,4.4,4.25
19,H5'',3.92,4.03,4.01,4.04,4.06,3.92,3.91,4.38,3.83,4.18,3.99,4.7,4.15,4,3.83,4.11,4.14,4.01,3.96,3.92
19,H6,7.66,7.74,7.68,7.74,7.71,7.64,7.62,7.9,7.55,7.82,7.67,8.11,7.76,7.74,7.57,7.76,7.74,7.73,7.66,7.65
19,HO2',2.77,2.86,2.73,2.87,2.79,2.75,2.81,2.78,2.84,2.79,2.74,2.79,2.82,2.9,2.76,2.8,2.95,2.82,2.76,2.74
19,N1,166.91,168.75,165.53,168.75,166.35,166.45,166.4,167.77,164.99,168.11,165.58,165.17,166.93,168.77,164.66,168.41,168.37,168.91,167.26,165.38
19,N3,209.64,213.22,214.11,212.91,213.46,214.66,215.4,211.11,211.93,211.72,214.37,208.08,214.14,213.24,211.39,217.05,211.3,212.77,215.56,213.17
19,N4,109.92,111.03,109.8,110.68,109.98,110.2,109.83,110.57,109.12,110.97,109.8,110.25,110.16,110.53,108.79,109.81,110.83,110.52,110.11,109.18
19,P,-16.09,-17.02,-17.85,-18.03,-19.38,-17.86,-16.62,-18.74,-17.4,-17.86,-17.55,-20.28,-19.24,-18.34,-15.36,-19.47,-19.03,-16.91,-16.98,-17.29
20,C1',97.96,100.2,98.44,100.31,98.91,98.91,98.65,99.73,96.14,100.18,98.45,98.59,99.42,100.34,96.32,99.39,99.95,100.12,99.81,97.27
20,C2,150.23,149.13,149.56,149.17,149.59,148.91,149.19,150.2,150.24,149.38,149.48,151.44,149.55,149.18,150.39,148.23,150.01,149.14,148.82,149.59
20,C2',77.15,78.82,77.27,78.62,77.82,77.61,77.04,79.02,75.4,79.22,77.44,77.94,78.34,78.78,75.75,77.16,78.93,78.76,78.3,76.19
20,C3',72.46,74.99,72.64,74.54,73.4,73.17,72.5,74.55,70.41,74.75,72.86,73.39,73.74,74.74,70.86,72.82,74.98,74.69,74.04,71.35
20,C4,143.98,146,144.56,145.91,144.71,145.63,144.86,144.13,143.42,145.17,144.73,142.86,144.96,145.85,143.52,145.27,144.93,145.91,145.69,144.06
20,C4',79.93,83.22,80.51,83,81.23,81.13,80.04,82.19,77.27,82.99,80.49,79.66,81.74,83.1,77.85,80.72,82.77,83.12,82.44,78.57
20,C5,116.13,117.51,116.14,117.36,116.08,117.08,117.04,116.28,115.77,116.84,116.21,114.61,116.4,117.25,115.26,118.97,116.75,117.69,117.28,116.49
20,C5',65,66.43,66.58,66.52,66.89,65.67,66.09,69.45,63.79,67.66,66.58,69.73,68.9,66.4,64.17,66.7,67.87,66.34,66.76,64.88
20,C6,147.3,147.59,147.66,147.54,147.5,147.75,147.65,147.15,147.36,147.43,147.72,146.07,147.54,147.38,147.58,146.89,147.78,147.76,147.91,147.4
20,C8,133.49,132.1,130.74,132.65,131.28,130.41,130.76,132.87,132.77,132.8,130.61,133.65,131.74,132.89,132,130.71,133.37,132.4,130.58,131.27
20,H1',6.44,6.77,6.31,6.73,6.41,6.36,6.32,6.61,6.2,6.71,6.29,6.78,6.42,6.79,6.07,6.52,6.65,6.71,6.44,6.27
20,H2,7.22,7.38,7.24,7.37,7.25,7.25,7.18,7.36,7.04,7.38,7.23,7.45,7.26,7.38,7.04,7.17,7.34,7.36,7.29,7.12
20,H2',5.14,5.34,5,5.26,5.08,5.06,4.96,5.33,4.82,5.38,4.99,5.54,5.1,5.31,4.79,5.16,5.21,5.3,5.1,4.98
20,H3',4.77,5.07,4.74,5.15,4.85,4.8,4.72,5.03,4.52,5.1,4.74,5.15,4.95,5.16,4.47,4.96,5.02,5.08,4.92,4.62
20,H4',4.51,4.87,4.45,4.85,4.5,4.53,4.43,4.78,4.22,4.86,4.44,4.89,4.59,4.88,4.16,4.62,4.76,4.85,4.62,4.36
20,H5',4.44,4.61,4.57,4.63,4.57,4.47,4.47,4.9,4.29,4.77,4.57,5.15,4.73,4.67,4.25,4.65,4.69,4.63,4.55,4.43
20,H5'',3.94,4,4.03,4.08,4.08,3.9,3.85,4.41,3.82,4.18,4.02,4.66,4.19,4.03,3.79,4.12,4.1,4.02,3.98,3.93
20,H61,9.44,9.47,9.59,9.48,9.62,9.54,9.5,9.71,9.38,9.6,9.62,9.83,9.67,9.45,9.4,9.58,9.58,9.51,9.57,9.5
20,H62,5.56,5.57,5.48,5.65,5.51,5.58,5.58,5.49,5.68,5.56,5.46,5.8,5.58,5.7,5.58,5.45,5.53,5.49,5.41,5.51
20,H8,7.47,7.61,7.59,7.63,7.61,7.57,7.52,7.71,7.41,7.65,7.59,7.85,7.63,7.61,7.39,7.6,7.59,7.62,7.62,7.52
20,HO2',2.95,3.06,2.87,2.97,2.88,2.95,2.95,2.91,2.94,2.93,2.87,2.92,2.89,3.01,2.86,2.92,2.95,2.92,2.9,2.88
20,N1,227.67,225.72,227.87,225.89,227.68,226.69,228.45,228.45,228.65,226.19,227.77,227.4,229.04,225.59,228.8,227.01,227.97,225.54,226.91,227.89
20,N3,234.27,235.03,231.95,235.01,232.29,232.74,230.38,234.03,230.04,233.99,232.03,231.52,230.98,235.17,231.53,230.79,233.95,235.19,232.93,231.58
20,N6,100.84,99.99,100.74,100.12,100.48,99.79,99.64,101.63,99.76,100.96,100.75,102.37,99.88,99.69,99.95,100.74,101.02,100.87,100.71,100.75
20,N7,243.4,242.25,235.97,240.48,236.37,237.42,238.6,241.15,236.9,240.14,235.81,238.39,236.42,239.79,238.84,237.64,242.72,241.16,237.03,238.9
20,N9,188.02,188.83,186.05,189.11,186.57,186.25,186.41,188.41,185.64,188.87,185.99,186.76,187.43,188.86,185.44,186.39,189.2,188.84,186.92,185.4
20,P,-17.59,-18.48,-18.49,-18.39,-18.3,-18.24,-18.06,-20.01,-16.12,-19.03,-18.45,-20.85,-18.81,-17.69,-16.71,-17.48,-18.56,-18.47,-18.32,-18.03
21,C1',98.84,100.9,97.54,99.61,97.96,,99.09,98.93,97.07,,97.55,98.73,98.47,99.65,98.66,97.96,100.21,99.62,99.03,98.17
21,C2,146.05,145.14,144.58,144.03,144.65,,144.53,144.5,144.44,,146.06,144.02,144.51,144.15,146.46,146.31,143.53,146.37,144.29,145.68
21,C2',78.9,80.02,77.53,78.23,76.68,,77.07,79.24,76.02,,78.66,78.17,78.08,77.23,77.23,79.1,79.75,80.16,79.19,79.03
21,C3',74.9,73.82,72.92,75.07,73.06,,72.62,74.88,70.57,,76.11,72.8,74.31,74.46,73.67,76.21,73.81,77.99,74.88,71.6
21,C4,146.32,149.42,147.47,147.53,146.06,,146.91,147.67,146.93,,148.72,146.47,147.58,147.02,147.5,148.65,148.18,149.24,148.39,146.66
21,C4',81.82,82.92,79.87,82.54,81.3,,80.88,81.57,77.55,,79.23,80.51,81.76,82.53,77.43,79.63,83.77,81.72,81.67,79.2
21,C5,117.93,117.53,118.37,118,116.91,,117.29,118.08,118.13,,117.23,118.36,117.55,117.67,117.65,118.86,116.2,117.74,116.35,118.15
21,C5',65.15,66.04,66.56,66,66.77,,65.32,69.49,63.68,,65.97,69.31,67.82,66.16,63.18,65.77,67.32,66.07,66.14,64.78
21,C6,154.01,153.59,153.48,152.5,150.72,,152.63,153.82,153.64,,153.46,153.04,152.86,151.4,153.37,155.61,152.49,153.88,152.33,154.08
21,C8,130.04,128.83,128.74,128.85,128.13,,127.91,131.05,129.09,,128.22,130.5,128.87,128.7,127.9,129.46,129.84,129.7,127.75,129.48
21,H1,12.88,13.07,12.79,12.3,12.51,,12.05,12.79,12,,13.18,12.08,12.26,11.92,12.91,13.08,12.57,12.92,13.28,12.94
21,H1',6.95,6.64,5.92,6.29,5.94,,5.88,6.21,5.83,,6,6.56,5.97,6.41,5.45,6.34,6.2,6.45,5.96,6.27
21,H21,9.15,9.64,8.85,9.08,9.55,,9.24,8.66,8.16,,9.3,9.23,8.87,9.03,9.2,9,9.07,8.88,9.89,9.4
21,H22,4.63,5.03,4.61,4.65,5.22,,5,4.3,4.47,,4.95,5.13,4.79,4.92,5,4.7,4.36,4.37,5.59,5.09
21,H2',5.07,4.94,4.68,5.13,5.13,,5.25,4.85,4.67,,4.3,5.82,4.82,5.54,3.82,4.57,5.22,4.52,4.18,5
21,H3',4.42,4.77,4.68,5,4.67,,4.51,4.98,4.35,,4.87,4.89,4.77,4.9,4.47,5.05,4.61,5.15,4.64,4.24
21,H4',4.67,4.79,4.38,4.76,4.46,,4.38,4.68,4.09,,4.39,4.69,4.47,4.87,4.69,4.51,4.59,4.74,4.44,4.45
21,H5',4.55,4.59,4.51,4.57,4.51,,4.34,4.86,4.18,,4.5,5.03,4.61,4.6,4.34,4.61,4.59,4.57,4.4,4.48
21,H5'',3.97,3.94,3.95,3.95,3.96,,3.79,4.34,3.71,,3.88,4.61,4.12,3.91,3.93,4.04,4.1,3.93,3.75,3.89
21,H8,6.55,6.78,6.74,6.69,6.53,,6.49,6.84,6.46,,6.77,6.91,6.7,6.66,6.45,6.8,6.59,6.87,6.49,6.6
21,HO2',2.89,3.03,2.78,2.84,2.84,,3.12,2.83,3.89,,2.94,3.72,2.71,2.87,3.53,2.97,3.34,3.05,2.87,4.4
21,N1,155.22,153.65,155.28,153.99,156.13,,154.41,156.92,156.39,,157.67,154.81,154.34,155.69,155.65,160.01,154.76,158.62,155.67,155.16
21,N2,85.84,98.43,86.27,88.37,86.55,,88.22,86.68,88.75,,83.94,88.64,88.95,89.07,84.84,86.15,95.68,88.59,97.24,85.81
21,N3,178.42,178.37,178.25,176.01,177.05,,178.77,176.68,179.54,,180.15,177.98,176.98,177.74,179.29,176.26,176.11,180.54,178.68,178.45
21,N7,240.99,246.62,240.72,246.4,243.7,,245.81,246.17,242.5,,245.62,242,245.02,247.41,243.33,251.6,245.45,248.62,246.85,241.28
21,N9,187.94,185.52,181.55,183.42,181.04,,182.27,185.08,183.8,,182.34,184.17,182.19,183.55,184.24,182.44,186.76,184.81,180.44,184.18
21,P,-17.15,-17.22,-18.68,-18.21,-17.72,,-17.73,-20.24,-16.87,,-19.28,-21.13,-17.75,-18.77,-16.59,-19.11,-17.8,-18.8,-18.99,-18.35
22,C1',97.38,99.84,95.73,101.61,95.92,96.81,98.92,97.43,95.6,99.15,95.6,99.46,96.8,98.61,95.77,99.4,98.11,98.13,95.29,97.16
22,C2,151.72,149.9,153.04,153.4,153.16,150.33,153.19,154.69,153.48,151.02,154.36,151.51,153.99,155.63,152.2,150.58,151.91,151.26,155.12,151.1
22,C2',76.5,78.76,80.93,80.69,76.99,77.86,77.2,82.16,75.45,79.29,79.79,76.68,81.19,79.54,75.44,79.26,82.93,81.94,75.94,76.18
22,C3',73.54,78.9,81.94,74.66,73.34,74.13,73.6,84.65,70.45,77.01,79.95,74.48,75.17,76.09,73.96,78.15,87.32,81.18,80.77,70.84
22,C4,144.22,147.2,145.69,145.11,142.81,145.31,143.66,144.76,142.57,144.29,144.15,141.14,143.44,145.21,144.18,145.64,145.14,144.94,147.89,144.6
22,C4',79.36,83.59,86.35,84.97,81.72,79.6,81.16,89.05,78.06,79.91,85.77,79.69,81.72,82.21,75.93,85.04,83.74,89.83,92.03,78.45
22,C5,115.38,114.51,112.25,114.61,114.11,115.88,114.41,111.98,113.32,114.94,112.76,113.17,114.7,115.34,114.51,115.94,114.25,114.19,115.01,114.34
22,C5',64.92,70.33,69.84,65.94,65.79,65.75,64.23,73.19,62.04,71.13,67.74,67.52,67.61,66.39,63.69,67.34,69.56,67.56,74.88,64.33
22,C6,146.68,144.32,147.41,145.77,146.79,145.99,145.66,146.39,143.92,144.89,147.29,144.65,146.87,147.05,145.58,145.64,146.31,146.45,146.1,145.09
22,C8,138.94,133.89,131.54,133.15,132.4,131.6,131.21,133.74,131.84,135.75,131.39,134.29,131.66,132.2,136.06,131.39,133.73,132.5,131.06,137.41
22,H1',6.35,6.69,6.69,6.88,6.32,6.5,6.33,6.95,6.01,6.57,6.67,6.75,6.51,6.89,6.24,6.93,7.14,7.11,6.72,6.26
22,H2,8.14,7.96,7.98,8.28,8.75,8.12,7.66,8.1,7.94,8.29,8.4,8.53,8.19,8.88,8.1,9.12,7.65,8.25,8.83,8.17
22,H2',4.95,4.73,4.33,5.21,5.38,4.5,4.29,4.7,4.85,5.42,4.71,5.71,4.53,5.32,4.83,4.51,4.83,4.83,5.35,5.04
22,H3',4.46,4.86,4.75,4.98,4.56,4.9,4.58,5.13,4.22,5.05,4.78,4.58,4.58,4.7,3.73,5.33,5.13,4.95,5.1,4.69
22,H4',4.37,4.48,5.11,4.78,4.47,4.54,4.12,5.19,3.97,5.07,4.32,4.67,4.51,4.87,4.04,4.9,6.07,4.97,4.8,4.36
22,H5',4.03,4.35,4.46,4.52,4.3,4.42,4.77,4.79,4.46,4.45,3.75,5.34,4.55,4.47,4.25,3.58,4.7,3.97,4.41,4.57
22,H5'',4.1,4.54,4.11,4,4.05,3.96,3.88,4.46,3.77,4.65,4.13,4.61,4.16,3.99,4.66,4.31,4.21,4.34,3.8,4.2
22,H61,6.18,5.11,8.69,6.46,5.61,9.52,7.68,9.09,7.15,6.84,5.21,9.08,10.44,7.8,5.4,7.22,9.07,7.71,5.21,5.37
22,H62,5.76,5.29,5.81,5.85,5.66,5.93,5.27,5.81,5.74,6.57,5.76,5.96,5.24,5.56,5.59,6.1,5.87,5.86,8.8,5.57
22,H8,8.08,7.69,7.43,7.75,7.99,7.1,7.73,7.67,7.03,7.81,7.13,7.21,7.75,7.63,8.04,6.93,8.02,7.06,8.14,8.57
22,HO2',2.82,2.44,2.02,3.15,2.73,2.75,4.48,2.17,2.76,3.07,2.33,3.02,2.92,4.32,2.87,2.33,2.31,2.28,1.81,3.18
22,N1,237.62,233.85,248.33,240.48,242.99,227.27,250.41,249.76,240.34,238.08,247.93,228.13,228.5,242.09,232.94,252.98,227.03,240.27,252.62,233.34
22,N3,238.79,245.67,237.44,235.13,229.96,224.99,227.03,236.16,226.64,237.42,234.1,230.57,230.8,241,234.28,236.31,235.89,238.94,232.05,233.81
22,N6,96.4,97.59,98.21,100.87,90.9,104.95,96.48,100.23,106.95,109.33,96.88,102,99.74,89.82,92.31,92.48,103.17,106.56,102.13,91.74
22,N7,239.52,239.84,239.47,237.89,234.72,233.59,232.4,241.82,240.27,241.19,250.93,240.3,239.34,236.25,238.4,249.27,242.44,255.58,244.41,235.4
22,N9,185.54,191.54,183.35,193.55,184.18,186.98,189.3,185.83,183.41,187.73,186.06,183.72,187.99,192.08,186.46,185.24,188.21,189.29,188.25,184.69
22,P,-15.7,-19.38,-17.9,-17.4,-19.55,-19.14,-17.21,-19.87,-16.06,-16.9,-16.4,-20.66,-19.38,-17.71,-16.7,-17.41,-18.73,-16.27,-16.88,-22.96
23,C1',94.53,97.99,98.94,96.54,97.15,100.48,96.38,98.24,97.64,97.61,94.48,100.34,100.25,99.43,92.35,97.12,93.64,96.92,98.19,96.29
23,C2,148.17,148.82,147.66,148.5,145.23,147.46,146.67,147.64,144.8,148.12,148.71,141.16,148.24,148.11,144.86,145.75,149.77,150.44,148,145.15
23,C2',78.85,77.31,77.4,80.32,74.47,79.6,77.42,78.89,77.73,78.14,78.37,77.81,80.15,77.11,76.34,77.65,76.5,80.2,78.52,75.77
23,C3',72.9,75.3,72.52,81.24,72.04,83.16,72.13,74.39,72.33,75.74,77.51,75.11,74.09,74.83,71.49,82.62,87.76,78.37,74.77,70.2
23,C4,151.98,153.71,158.55,157.11,158.8,159.31,158.72,158.03,157.04,153.44,158.26,156.79,158.1,154.64,155.18,159.81,153.12,157.72,156.52,157.67
23,C4',81.32,83.83,81.68,86.53,84.68,77.78,80.57,82.65,77.62,82.05,78.93,79.33,79.21,82.28,76.95,86.61,84.42,86.13,82.38,79.2
23,C5,104.16,103.24,103.94,104.83,105.14,104.9,106.52,107.74,104.57,104.66,105.31,104.27,107.27,109.89,104.17,107.47,105.07,105.95,104.21,104.75
23,C5',65.14,68.54,69.29,71.12,66.12,66.31,63.91,72.88,62.19,66.63,72.12,67.12,74.01,65.94,64.9,73.72,70.68,73.06,66.89,66
23,C6,134.77,139.43,138.8,138.51,135.14,137.95,138.64,141.86,136.69,140,139.17,138.07,137.03,135.98,134.87,143.9,139.15,140.39,140.18,135.6
23,H1',6.15,6.14,5.83,7.15,5.34,6.18,6.26,6.07,5.87,6.22,6.69,5.79,5.6,6.37,5.18,6.56,6.73,7.06,6.03,5.39
23,H2',4.34,5.37,4.53,4.54,4.79,5.06,4.62,5.36,4.04,5.24,3.93,5.31,4.41,4.72,3.85,5.45,4.51,4.41,4.88,4.23
23,H3,9.19,6.95,7.14,10.57,9.07,7.08,10.62,7.09,8.88,7.4,7.29,8.5,8.88,8.15,6.65,7.08,8.44,7.68,7.29,6.81
23,H3',4.4,4.69,4.66,4.71,4.25,4.37,4.33,4.97,4.41,4.47,4.19,4.8,3.48,4.82,4.28,5.01,4.95,4.41,4.75,4.22
23,H4',4.36,4.79,4.34,5.55,4.58,4.76,4.26,4.68,4.11,4.76,6.28,4.62,4.84,4.61,3.87,4.75,4.79,6.96,4.7,4.06
23,H5,4.52,5.46,5.95,5.44,5.64,5.77,5.07,6.27,5.31,4.95,5.89,5.36,6.27,6.27,5.98,6.23,6.2,5.82,6.69,5.74
23,H5',3.99,4.42,4.3,4.52,4.17,4.09,4.44,4.59,3.8,4.6,4.27,4.88,5.08,4.56,3.76,4.38,4.77,4.35,4.41,4.04
23,H5'',3.93,4,4.09,3.79,4.07,4.26,3.93,4.41,4.45,4.12,3.79,4.57,3.8,3.98,3.81,3.94,4.1,3.95,4.04,3.89
23,H6,7.86,8.55,8.16,7.34,8.09,7.95,8.02,8.53,7.52,7.91,7.79,7.75,7.52,7.95,7.15,8.66,8.53,8,8.46,7.42
23,HO2',2.92,2.73,4.01,2.32,3.24,2.82,3.02,2.92,7.86,2.74,2.32,5.17,3.14,3.83,2.86,1.9,5.08,2.48,2.88,3.88
23,N1,165.22,168.67,172.56,171.59,169.22,175.5,170.87,171.54,171.87,171.09,168.1,161.38,169.38,170.58,167.48,168.88,163.17,171.03,171.09,170.15
23,N3,171.78,176.74,179.09,180.03,170.77,172.51,185.84,176.29,171.07,173.08,173.96,167.98,173.27,186.78,172.69,170.83,173.31,178.47,177.49,177.52
23,P,-21.13,-20.99,-16.89,-18.37,-22.53,-21.28,-16.89,-19.72,-15.74,-21.97,-22.65,-21.94,-19.2,-17.9,-17.94,-24.28,-16.02,-20.16,-17.65,-18.33
24,C1',100.4,98.92,97.86,98.95,98.65,103.34,100.69,97.44,94.06,99.67,97.48,98.59,100.52,99.53,95.07,100.51,100.33,100.07,99.11,94.27
24,C2,153.69,153.51,150.92,154.43,151.86,151.53,151.84,150.68,152.04,152.33,151.38,144.78,151.48,153.94,150.24,153.46,152.96,154.2,152.32,150.31
24,C2',80.28,78.62,77.99,78.27,79.39,78.31,77.43,78.85,76.68,80.09,78.03,80.63,77.69,78.78,76.37,79.02,78.73,78.7,79.07,76.24
24,C3',72.05,75.94,72.63,75.2,80.84,75.28,75.29,74.88,80.91,76.54,74.15,84.42,75.45,74.27,76.33,73.02,75.59,75.73,74.82,70.85
24,C4,152.34,153.09,153.36,154.59,153.77,152.83,152.77,152.42,151.93,152.52,152.37,148.61,154.42,154.96,151.4,153.79,153.25,153.32,154.12,151.11
24,C4',82.42,82.89,81.37,82.5,78.82,79.24,77.73,82.35,82.73,83.15,80.29,71.46,79.53,82.72,73.21,79.95,83.96,82.97,82.78,78.41
24,C5,90.18,94.42,92.53,94.6,94.75,91.74,92.43,96.49,91.28,96.44,90.05,91.68,95.65,95.95,94.97,91.91,95.71,90.83,93.15,94.92
24,C5',66.59,66.12,65.3,67.77,71.57,62.21,64.23,68.88,68.09,68.14,64.95,67.81,69.25,65.84,67.86,66.39,69.57,65.18,67.19,63.65
24,C6,140.73,137.35,138.16,140.58,139.57,135.29,135.97,140.36,140.73,139.43,139.41,141.51,140.13,141.5,136.22,143.66,144.13,142.03,138.22,139.07
24,H1',6.15,6.25,6.24,6.28,6.11,6.5,8.1,6.23,6.51,6.26,5.88,6.8,5.78,6.72,5.72,6.15,6,6.19,6.08,6.18
24,H2',4.95,4.65,4.24,5.09,4.58,5.21,4.75,4.8,3.79,4.61,4.46,4.71,5.01,4.67,4.36,5.08,4.78,4.92,4.45,4.61
24,H3',4.47,4.95,4.6,4.92,4.46,4.76,4.27,4.78,5.02,4.92,4.54,4.83,4.75,5.06,3.16,4.74,4.77,4.93,4.85,4.27
24,H41,4.91,5.86,4.88,5.22,5.43,8.31,8.25,4.57,5.08,5.65,4.04,4.89,8.79,6.22,5.51,5.01,4.8,4.98,5.16,4.91
24,H42,5,5.8,5.25,5.67,5.24,6.6,4.8,4.78,4.94,5.06,6.67,5.05,5.04,4.39,4.84,5.02,5.34,4.64,4.97,4.86
24,H4',4.48,4.67,4.17,4.74,4.48,5.53,5.31,4.58,4.2,4.74,4.36,7.39,4.49,4.58,4.05,4.6,4.7,4.76,4.53,4.22
24,H5,5.41,5.48,5.36,6.13,5.93,4.94,5.2,5.38,5.55,5.37,5.75,5.55,5,5.65,5.31,5.79,5.75,5.47,5.19,5.45
24,H5',4.05,4.09,4.49,5.09,4.11,4.76,4.26,4.54,3.7,4.28,4.43,4.77,4.43,4.4,4.01,4.29,4.64,4.49,4.23,4.17
24,H5'',3.97,3.76,3.96,4.13,4.18,4.04,3.94,4.38,3.87,4.15,3.89,5.23,4.31,4.07,3.8,3.76,4.26,3.93,3.96,3.88
24,H6,8.02,7.89,8.09,7.81,7.91,7.55,7.5,8.25,7.88,8.11,8.18,8.82,7.71,8.03,7.29,8.17,7.6,8.04,7.93,8.11
24,HO2',3.04,2.64,3.81,2.88,2.65,4.46,3.07,2.61,2.41,2.61,2.45,2.02,2.67,2.82,2.88,3.09,2.71,2.58,2.69,2.88
24,N1,175.99,170.64,173.61,174.7,172.99,173.29,172.42,172.39,170.63,172.14,171.08,172.78,171.38,177.14,166.98,176.47,171.26,175.5,172.41,170.04
24,N3,211.3,228.1,218.86,220.22,214.54,221.43,225.25,217.05,212.41,219.29,217.91,204.56,218.28,219.22,209.94,218.57,218.21,221.3,219.28,213.33
24,N4,89.09,103.3,104.89,102.5,90.85,112.34,105.46,103.46,92.48,103.34,109.69,97.22,114.02,125.57,102.95,91.34,104,99.83,105.58,105.74
24,P,-20.16,-19.64,-20.21,-14.62,-15.05,-18.31,-17.87,-20.04,-17.78,-18.61,-22.29,-22.79,-19.03,-18.65,-15.94,-16.73,-18.27,-19.17,-20.34,-18.44
25,C1',94.66,97.01,93.61,97.56,96.12,94.75,97.74,95.23,94.38,100.61,95.1,89.43,97.23,97.02,96.12,98.55,99.08,98.14,95.78,93.46
25,C2,149.88,149.45,146.82,149.32,147.79,149.5,147.2,147.3,146.38,149.02,147.18,147.76,147,148.72,146.8,145.86,148.47,149.24,147.82,146.15
25,C2',79.12,78.46,77.78,77.92,77.38,77.96,77.15,78.85,75.77,78.97,78.16,79.17,77.39,77.31,77.03,77.27,80.02,78.78,77.7,76.01
25,C3',81.79,74.54,72.59,75.42,74.13,84.39,71.93,75.66,71.4,74.62,73,81.25,73.47,74.02,78.72,81.71,73.78,75.24,73.74,72.2
25,C4,156.04,158.42,155.87,158.65,157.74,158.31,158.05,158.7,155.96,158.98,156.81,156.39,157.62,153.41,157.21,157.72,155.35,157.39,158.62,157.32
25,C4',85.12,83.53,80.59,83.43,81.23,88.82,80.54,80.77,77.64,82.98,80.86,81.85,81.83,82.35,78.22,77.38,83.3,82.24,81.08,78.16
25,C5,105.68,105.47,108.71,106.8,106.34,104.88,108.67,106.83,106.02,106.43,109.09,107.56,112.22,110.05,102.69,109.85,105.47,109.7,107.77,105.89
25,C5',70.44,66.78,65.33,66.16,68.55,71.47,66.04,68.15,69.53,68.85,67.66,81.1,68.72,66.43,73.27,73.65,68.67,66.95,67.21,64.22
25,C6,138.67,139.05,137.39,138.47,139.22,139.35,137.48,141.16,137.23,138.96,135.15,139.75,138.93,135.82,137.75,140.2,137.83,136.82,137.94,135.76
25,H1',6.5,6.36,6.11,6.1,5.95,6.43,5.71,6.16,5.75,6.2,5.97,6.53,5.87,6.42,5.64,5.92,6.37,6.29,6.03,5.79
25,H2',4.1,5.41,4.98,4.88,5.09,4.23,5.06,5.04,4.37,5.06,4.92,7.73,5.41,5.47,4.51,5.48,5.14,5.35,5.25,4.29
25,H3,7.32,9.54,7.14,10.72,7.13,7.41,6.64,10.91,6.42,11.28,6.98,7.05,6.74,7.01,9.46,6.41,7.14,7.09,7.36,7.18
25,H3',4.95,5.04,4.69,5.03,4.8,4.98,4.82,4.93,4.61,4.87,4.6,6.35,4.61,4.82,3.74,4.14,4.79,4.95,4.72,4.7
25,H4',4.35,4.81,4.38,4.77,4.46,4.34,4.18,4.79,4.22,4.62,4.37,5.03,4.5,4.76,3.56,4.86,4.57,4.87,4.71,4.43
25,H5,5.78,5.51,5.93,5.51,5.64,5.88,6.11,5.91,5.46,5.51,5.47,6.5,5.87,5.6,5.79,5.91,5.62,5.55,5.45,5.68
25,H5',3.69,4.28,4.29,4.19,4.52,3.64,3.97,4.4,4.52,4.34,4.09,5.07,4.36,4.28,3.74,4.3,4.27,4.15,4.19,4.03
25,H5'',3.91,4.08,4.03,4.01,3.93,4.36,4.33,4.46,4.04,4.31,4.05,5.32,4.24,4.02,4.46,5.09,4.07,4.09,4.09,3.79
25,H6,7.56,8.3,8.51,8.23,8.4,7.68,7.74,8.59,7.68,7.78,8.1,9.11,7.93,8.04,7.28,7.86,8.25,8.24,7.98,8.26
25,HO2',2.56,2.66,2.78,2.79,2.6,2.5,2.95,2.76,3.03,4.28,2.53,2.05,2.83,2.87,4.16,2.78,3.62,2.63,2.58,2.7
25,N1,168.36,172.03,168.71,172.06,170.87,169.08,167.57,171.84,165.46,175.78,167.23,176.63,170.58,168.09,169.27,166.88,172.32,171.83,172.12,166.64
25,N3,174.9,176.07,172.24,176.81,174.55,176.63,173.9,174.49,169.7,178.87,170.34,171.06,173.87,172.05,172.16,176.65,174.96,175.58,174.46,171.94
25,P,-22.5,-19.44,-19,-19.26,-15.51,-22.6,-14.67,-19.55,-15.41,-20.41,-19.83,-23.44,-21.68,-17.16,-17.44,-17.73,-17.99,-19,-19.23,-19.17
26,C1',97.43,99.19,,99.23,96.9,99.46,97.66,98.51,94.86,,,98.37,98.09,98.91,95.28,,99.36,99.7,98.67,96.85
26,C2,145.55,144.89,,145.59,143.85,145.42,145.72,145.96,145.78,,,144.6,145.56,144.84,146.55,,146.2,144.58,145.91,145.9
26,C2',77.35,78.82,,79.01,78.06,78.05,77.07,78.96,75.51,,,78.02,78.42,78.71,75.86,,79.33,78.89,78.25,76.22
26,C3',72.12,77.11,,76.91,72.93,81.07,72.37,77.54,70.04,,,80.51,74.08,74.69,77.97,,77.94,74.71,74.6,71.41
26,C4,148.3,147.93,,148.54,144.83,148.53,147.16,148.2,146.25,,,146.74,147.46,147.94,147.67,,148.27,148.46,148.99,147.65
26,C4',80.71,81.77,,82.27,81.59,78.67,80.58,80.81,77.56,,,76.09,81.81,82.41,73.06,,81.35,83.07,82.28,78.18
26,C5,117.82,119.35,,119.36,114.68,119,120.9,119.36,118.88,,,117.16,120.07,119.99,118.31,,118.77,119.56,118.5,117.8
26,C5',64.44,65.94,,66.66,67.59,70.42,66.96,68.67,64.3,,,72.26,68.37,66.07,64.3,,75.03,67.41,67.13,66.69
26,C6,152.91,152.78,,152.69,147.46,153.44,153.65,153.37,154.42,,,149.38,154.36,154.14,153.01,,152.06,153.76,153,153.88
26,C8,131.51,129.21,,130.24,130.7,129.92,126.7,130.56,129.67,,,132.23,128.51,129.27,128.95,,130.69,129.49,128.26,130.25
26,H1,11.82,12.58,,12.24,12.31,11.97,11.75,12.1,11.98,,,12.34,12.37,12.44,11.79,,12.05,12.19,12.1,11.79
26,H1',6.25,6.44,,6.5,6.06,6.27,5.96,6.39,5.92,,,6.66,5.98,6.34,5.8,,6.2,6.37,6.12,5.95
26,H21,8.72,9.25,,8.98,8.91,8.96,8.69,9,8.87,,,9.13,9.08,9.13,8.78,,8.86,8.86,9.06,8.72
26,H22,4.49,4.5,,4.61,4.39,4.85,4.72,4.83,4.85,,,4.88,4.72,4.55,4.87,,4.52,4.58,4.8,4.83
26,H2',5.05,5.29,,5.25,5.02,5.06,4.91,5.26,4.71,,,5.5,5.05,5.22,4.69,,5.16,5.26,5.05,4.92
26,H3',4.96,5,,4.91,4.93,4.5,4.77,4.8,4.61,,,4.86,4.76,5.14,4.15,,4.32,5.18,4.86,4.74
26,H4',4.44,4.81,,4.72,4.43,4.45,4.31,4.6,4.18,,,4.66,4.44,4.77,4.15,,4.88,4.8,4.52,4.43
26,H5',4.8,4.22,,4.38,4.31,3.93,4.35,4.67,4.11,,,4.22,4.37,4.48,4.38,,4.63,4.26,4.2,4.12
26,H5'',4.11,4.24,,4.18,4.1,4.44,4.03,4.53,3.8,,,5.16,4.18,4.02,3.98,,4.36,4.14,4.09,3.99
26,H8,7.43,7.7,,7.78,7.18,7.4,7.11,7.85,6.96,,,7.48,7.3,7.24,7.35,,6.9,7.31,7.42,7.19
26,HO2',2.97,3.08,,2.98,2.96,3.03,2.93,2.95,2.93,,,2.87,2.94,2.94,2.85,,3.19,3.07,2.94,2.85
26,N1,156.28,155.89,,156.96,151.21,156.42,156.94,157.39,154.93,,,152.51,155.33,155.14,156.87,,155.54,154.96,155.73,156.79
26,N2,89.55,85.76,,88.39,83.96,87.59,86.19,88.95,85.75,,,88.29,88.13,87.76,89.15,,89.2,90.87,89.43,88.37
26,N3,181.21,175.38,,178.42,168.57,180.14,174.74,178.73,177.98,,,169.81,178.83,177.92,180.76,,177.71,178.36,181.41,179.64
26,N7,242.43,248.52,,244.12,239.12,240.78,258.72,249.5,250.75,,,239.14,251.13,249.82,247.01,,250.28,246.38,245.26,245.57
26,N9,185.85,184.08,,183.71,181.98,183,179.77,184.4,181.03,,,184.52,181.12,183.31,181.04,,184.78,183.67,181.99,183.01
26,P,-19.49,-16.69,,-17.71,-16.53,-14.92,-16.63,-18.7,-15.29,,,-23.49,-19.18,-16.8,-15.18,,-18.4,-17.39,-17.54,-18.82
27,C1',97.79,100.13,98.19,100.11,98.81,98.52,98.62,99.55,96.14,100.28,98.37,98.69,99.52,100.28,96.29,99.34,99.91,100.18,,97.18
27,C2,150.49,149.3,149.87,149.3,150.13,148.42,149.12,150.74,150.38,149.76,149.96,151.2,149.82,149.13,150.68,148.65,150.04,149.37,,149.89
27,C2',77.26,78.95,77.49,78.97,78.12,77.44,77.26,79.14,75.43,79.19,77.48,78,78.47,79.06,75.78,77.3,79.18,79.06,,76.25
27,C3',72.85,75.27,73.05,74.9,73.86,73.64,72.79,74.85,70.66,75.14,73.1,73.5,74.36,75.1,70.89,73.07,75.09,75.16,,71.61
27,C4,143.84,145.78,144.59,146.16,144.41,144.45,144.74,144.18,143.17,145.41,144.62,141.83,144.81,146,143.19,145.34,144.95,145.59,,143.87
27,C4',80.07,83.09,80.62,83.22,81.62,81.65,80.39,82.37,77.8,82.89,80.58,80.5,81.95,83.45,77.92,80.64,83.11,83.21,,78.73
27,C5,116.33,117.85,116.48,117.92,116.81,118.36,118.02,116.44,116.33,116.98,116.32,115.67,116.93,117.97,115.56,119.4,116.67,117.87,,116.68
27,C5',65.58,66.58,66.91,66.69,67.38,66.03,66.36,69.42,63.97,68.05,67.05,69.64,69.1,66.69,64.04,66.96,67.69,66.37,,65.36
27,C6,146.65,147.22,147.17,147.17,148.35,147.5,147.3,146.49,147.45,146.97,147.23,144.74,147.13,147.25,146.93,146.49,147.09,147.18,,146.58
27,C8,134.83,133.42,131.79,133.46,132.37,129.91,130.43,134.22,133.43,134.19,131.7,134.07,132.24,133.41,133.5,131.29,134.39,133.43,,132.6
27,H1',6.54,6.75,6.35,6.74,6.44,6.38,6.24,6.68,6.18,6.66,6.34,6.71,6.39,6.75,6.15,6.53,6.59,6.76,,6.3
27,H2,7.59,7.78,7.64,7.76,7.67,7.49,7.4,7.78,7.38,7.76,7.66,7.68,7.67,7.75,7.47,7.58,7.71,7.79,,7.5
27,H2',5.04,5.29,5.02,5.29,5.07,5.01,4.93,5.32,4.77,5.3,4.99,5.5,5.11,5.3,4.74,5.15,5.18,5.3,,4.94
27,H3',4.75,5.12,4.7,5.08,4.79,4.67,4.69,5.01,4.42,5.02,4.67,5.06,4.79,5.08,4.45,4.84,4.94,5.08,,4.61
27,H4',4.54,4.88,4.46,4.83,4.52,4.46,4.43,4.79,4.11,4.84,4.48,4.82,4.55,4.86,4.15,4.62,4.7,4.91,,4.32
27,H5',4.38,4.56,4.48,4.55,4.51,4.4,4.37,4.84,4.18,4.64,4.46,5.05,4.58,4.54,4.18,4.57,4.49,4.56,,4.33
27,H5'',3.98,4.08,4.1,4.1,4.1,3.89,3.93,4.47,3.84,4.22,4.06,4.68,4.19,4.11,3.81,4.15,4.19,4.08,,3.98
27,H61,9.28,9.41,9.46,9.37,9.65,9.38,9.81,9.58,9.33,9.48,9.46,9.52,9.33,9.42,9.27,9.47,9.41,9.39,,9.34
27,H62,5.71,5.69,5.62,5.56,5.56,7.52,8.65,5.62,5.68,5.7,5.59,6.4,5.49,5.57,5.72,5.39,5.65,5.57,,5.68
27,H8,7.25,7.35,7.37,7.37,7.43,7.26,7.29,7.46,7.18,7.44,7.38,7.63,7.41,7.39,7.15,7.35,7.26,7.38,,7.29
27,HO2',2.96,2.98,2.93,2.92,2.96,2.67,2.76,2.93,2.9,2.87,2.9,2.68,2.92,3.03,2.92,2.87,3,2.98,,2.84
27,N1,227.41,225.92,228.04,225.59,229.44,225.71,228.16,228.61,229.46,226.77,228.49,225.13,229.26,225.45,229.11,227.22,228.08,226.05,,227.83
27,N3,233.12,233.47,230.29,235.08,231.48,226.08,227.59,232.69,230.94,236.29,230.64,226.9,231.03,234.22,230.33,230.23,234.58,233.07,,230.33
27,N6,100.9,101.23,100.71,100.83,102.62,108.77,114.43,101.2,101.52,100.55,100.96,116.68,100.86,101.17,100.41,101.71,100.8,101.55,,100.95
27,N7,240.75,239.4,234.41,239.86,235.78,245.03,238.41,238.73,238.57,238.46,233.03,242.57,236.48,240.16,235.85,238.06,239.92,239.88,,237.31
27,N9,186.55,188.06,185.29,188.25,185.76,182.55,185.03,187.6,184.52,188.54,185.26,184.4,186.09,188.06,184.07,185.75,188.42,187.89,,184.54
27,P,-16.48,-17.34,-17.86,-17.54,-17.87,-22.85,-17.08,-18.6,-16.86,-17.98,-17.24,-21.11,-18.25,-17.95,-15.38,-19.12,-18.77,-17.2,,-17.69
28,C1',96.69,99.17,97.36,99.01,97.68,97.76,97.3,98.46,94.87,99.08,97.38,96.84,98.33,99.32,94.97,97.81,98.71,99.2,98.6,95.99
28,C2,145.95,145.49,145.93,145.62,145.65,145.55,146.01,145.87,145.89,145.7,145.94,145.44,145.85,145.49,146.17,145.53,146.07,145.38,145.75,145.78
28,C2',76.59,78.23,76.68,78.22,77.32,76.82,76.7,78.25,74.98,78.49,76.86,77.61,77.92,78.21,75.03,76.86,78.5,78.2,77.88,75.71
28,C3',72.83,75.16,73,75.17,73.92,73.37,72.61,74.86,70.68,75.14,72.9,73.5,73.92,75.29,70.9,73.03,75.19,75.08,74.06,71.72
28,C4,147.43,148.71,148.1,148.69,148.01,148.12,148.03,148.06,146.94,148.68,148.16,146.98,148.29,148.79,146.89,148.12,148.54,148.49,148.68,147.25
28,C4',79.57,82.87,79.83,82.4,80.57,80.56,80.06,81.56,77.41,82.59,80.2,79.61,81.61,82.62,77.45,80.36,82.62,82.47,82.23,78.24
28,C5,118.8,119.23,118.62,119.25,118.39,118.88,119.19,119.1,118.8,119.15,118.4,118.02,118.94,119.13,118.1,120.84,119.19,118.98,118.74,119.29
28,C5',64.68,65.83,66.55,66.49,66.64,65.6,65.47,69.34,63.07,67.53,66.25,69.49,68.2,65.91,63.73,66.05,67.48,66.2,66.5,64.58
28,C6,153.49,153.31,152.72,153.25,152.86,153.04,153.46,153.57,153.91,153.15,152.66,151.24,153.11,153.13,153.19,155.31,153.32,153.04,152.79,153.7
28,C8,129.68,128.33,127.82,128.53,127.96,127.33,128.28,129.8,128.58,129.21,127.63,130.25,128.2,128.36,128.79,128.33,129.45,128.63,128.06,128.15
28,H1,12.6,12.92,12.73,12.89,12.77,12.72,12.58,12.77,12.82,12.9,12.72,12.77,12.77,12.9,12.87,12.54,12.88,12.87,12.88,12.92
28,H1',6.15,6.42,5.97,6.42,6.11,6.07,5.98,6.3,5.8,6.36,5.97,6.48,5.98,6.43,5.76,6.23,6.25,6.41,6.19,5.9
28,H21,9,9.28,9.26,9.27,9.26,9.2,9.06,9.25,9.27,9.29,9.26,9.34,9.2,9.29,9.36,8.83,9.2,9.26,9.3,9.35
28,H22,4.87,4.73,5.08,4.83,5.06,4.93,5.03,4.97,4.98,4.84,5.14,5,5.01,4.75,5.12,4.76,4.78,4.73,5.04,5.1
28,H2',4.65,4.9,4.63,4.88,4.69,4.66,4.57,4.9,4.42,4.93,4.62,5.17,4.7,4.91,4.38,4.76,4.79,4.9,4.7,4.6
28,H3',4.49,4.8,4.46,4.77,4.55,4.55,4.43,4.74,4.15,4.76,4.46,4.81,4.58,4.8,4.21,4.57,4.65,4.79,4.67,4.31
28,H4',4.43,4.79,4.44,4.79,4.52,4.46,4.35,4.76,4.05,4.77,4.39,4.82,4.46,4.85,4.08,4.54,4.66,4.81,4.56,4.26
28,H5',4.42,4.57,4.55,4.59,4.56,4.43,4.4,4.89,4.2,4.74,4.53,5.13,4.64,4.59,4.21,4.6,4.65,4.59,4.52,4.36
28,H5'',3.87,3.95,3.96,3.93,3.98,3.8,3.85,4.32,3.74,4.13,3.96,4.64,4.08,3.9,3.71,4.08,4.03,3.91,3.95,3.83
28,H8,6.56,6.75,6.68,6.75,6.72,6.69,6.64,6.81,6.41,6.81,6.7,6.92,6.73,6.77,6.41,6.71,6.7,6.76,6.75,6.56
28,HO2',2.82,2.86,2.77,2.83,2.73,2.76,2.79,2.83,2.76,2.86,2.78,2.77,2.76,2.8,2.72,2.82,2.84,2.81,2.9,2.79
28,N1,157.47,157.44,156.9,157.32,157.01,157.02,157.7,157.66,157.59,157.4,156.97,156.5,157.63,157.48,157.4,159.12,157.57,157.24,157.24,158.68
28,N2,90.85,91.4,91.47,91.46,90.69,89.86,90.55,92.38,89.67,91.41,91.3,92.46,90.8,91.14,89.61,91.05,91.36,91.07,90.65,87.91
28,N3,179.18,179.37,179.98,179.86,179.7,179.35,178.69,178.55,177.24,180.43,180.32,174.81,179.49,179.83,176.58,177.72,180.37,179.04,179.9,176.46
28,N7,245.76,246.36,241.91,246.33,243.41,245.12,244.12,246.56,243.41,246.26,241.15,238.09,245.89,245.84,239.8,249.31,247.36,245.16,242.49,244.15
28,N9,183.56,183.28,180.97,183.41,181.34,180.03,180.87,184.32,180.99,183.81,180.46,181.88,181.84,183.34,180.8,180.62,184.62,183.07,181.49,180.31
28,P,-17.35,-18.77,-17.84,-18.7,-17.97,-17.75,-17.26,-18.87,-16.65,-18.12,-18.17,-18.66,-18.71,-17.83,-16.75,-19.07,-18.68,-18.51,-17.46,-17.51
29,C1',97.72,100.71,102.04,100.58,99.12,98.43,98.28,99.02,96.13,100.45,98.64,97.72,99.16,100.58,96.45,99.18,100.33,99.94,100.27,96.98
29,C2,150.94,152.44,150.43,152.55,150.72,150.98,150.65,150.46,149.77,152.03,150.22,149.41,150.34,152.77,149.34,151.37,151.96,152.29,151.41,149.66
29,C2',75.82,78.13,77.55,78.62,78.02,76.28,77.64,77.31,74.98,78.89,77.22,78.61,78.99,78.86,75.03,76.67,78.67,77.07,77.87,75.49
29,C3',72.3,75.51,73.18,74.98,74.34,72.12,73.94,73.53,70.19,75.7,72.09,74.5,74.66,74.95,70.4,71.93,74.49,74.27,73.67,70.92
29,C4,152.28,153.45,153.92,152.97,151.35,150.96,153.48,151.17,151.9,153.12,152.78,150.43,153.43,153,152.17,153.09,153.42,152.18,153.42,152.3
29,C4',80.17,83.4,82.3,82.78,81.44,80.9,80.28,82,77.57,82.6,80.26,79.08,81.25,83.28,77.8,80.63,83,83.29,82.43,78.56
29,C5,95.54,94.99,93.15,94.96,96.04,96.26,95.52,98.38,93.72,95.75,94.38,95.92,95.38,94.73,93.15,96.57,95.73,96.03,94.45,96.01
29,C5',64.55,65.88,66.02,66.25,66.62,64.91,65.75,68.85,63.36,67.47,66.03,69.51,67.81,66.35,63.76,65.88,67.03,65.48,66.26,64.5
29,C6,136.47,137.29,136.2,137.39,135.16,134.38,136.15,138.85,135.68,137.57,135.78,137.72,137.44,137.58,135.24,139.86,138.32,136.11,136.72,136.01
29,H1',6.03,6.25,6.48,6.29,5.88,5.94,5.74,6.21,5.68,6.29,5.85,6.29,5.86,6.24,5.57,6.05,6.08,6.22,5.94,5.81
29,H2',4.97,4.7,4.96,4.82,5.11,5.21,4.57,5.52,4.76,4.7,4.52,5.11,4.63,4.81,4.46,4.83,4.65,5.26,4.6,4.76
29,H3',4.34,4.87,4.26,4.73,4.59,4.29,4.31,4.35,3.93,4.73,4.32,4.89,4.5,4.76,4.08,4.38,4.59,4.65,4.55,4.31
29,H41,9.33,9.72,9.47,9.57,9.21,9.94,9.34,9.1,9.04,9.56,9.34,9.31,9.33,9.51,9.16,9.13,9.39,9.51,9.44,9.31
29,H42,5.07,4.65,5.27,4.9,5.28,8.04,5.01,5.08,4.9,4.96,5.22,5.12,4.96,4.86,5.03,4.64,5.12,7.28,5.11,4.99
29,H4',4.4,4.74,4.46,4.81,4.36,4.42,4.33,4.63,4.1,4.81,4.4,4.78,4.47,4.72,4.07,4.54,4.62,4.7,4.51,4.29
29,H5,4.63,4.75,4.84,4.9,4.67,4.77,4.61,4.98,4.5,4.89,4.82,5.07,4.8,4.87,4.54,4.89,4.86,4.82,4.79,4.71
29,H5',4.31,4.45,4.48,4.54,4.45,4.32,4.35,4.76,4.15,4.66,4.47,5.04,4.62,4.5,4.15,4.55,4.55,4.44,4.47,4.3
29,H5'',3.83,3.96,3.98,3.95,3.92,3.72,3.78,4.27,3.77,4.12,3.97,4.52,4.05,3.98,3.69,4.04,4.07,3.92,3.95,3.82
29,H6,7.35,7.52,7.63,7.61,7.31,7.16,7.25,7.56,7.36,7.7,7.57,7.88,7.57,7.57,7.34,7.61,7.64,7.28,7.53,7.37
29,HO2',2.86,2.79,3.42,2.85,2.84,2.68,2.93,2.82,2.95,2.79,2.79,2.83,2.89,2.93,2.77,2.75,2.84,2.84,2.82,2.79
29,N1,165.62,168.84,168.42,169.65,165.91,162.77,165.41,167.87,164.99,168.74,166.28,165.17,166.68,169.73,164.58,168.92,169.82,164.91,168.25,164.26
29,N3,210.13,215.74,212.09,214.41,213.17,212.13,216.5,209.92,212.29,212.45,216.41,207.96,214.72,215.58,212.11,218.19,213.45,209.29,216.8,213.42
29,N4,113.13,112.68,109.23,115.91,115.91,132.71,113.33,114.79,112.95,111.59,113.64,113.63,113.27,113.77,111.52,113.76,112.5,124.73,112.29,112.58
29,P,-18.74,-20.03,-18.92,-17.95,-19.49,-18.52,-18.67,-21.18,-16.24,-19.21,-17.84,-22.18,-19.72,-18.75,-17.3,-18.72,-17.43,-18.71,-18.35,-17.49
30,C1',95.71,96.49,,96.98,98.5,96.83,97.68,96.75,94.54,100.87,95.1,97.61,97.48,100.67,92.66,96.03,96.99,96.95,96.68,93.75
30,C2,149.67,149.47,,152.96,148.28,148.83,148.98,147.32,149.78,152.96,150.37,145.32,147.5,152.08,145.65,148.93,151.98,151.73,150.57,149.2
30,C2',76.94,79.07,,78.67,78.13,77.55,78.14,77.11,75.02,81.21,78.23,78.4,79.75,79.06,75.82,77.19,79,79.5,78.59,77.64
30,C3',72.6,75.51,,74.67,79.68,75.07,80.31,75.4,70.82,75.07,72.92,80.48,81.7,84.26,69.39,72.69,74.04,73.04,73.67,70.32
30,C4,151.57,151.1,,149.33,152.8,152.92,152.2,152.1,152.4,153.56,149.95,148.21,153.5,151.95,151.27,151.07,152.4,151.6,152.58,151.88
30,C4',80.1,83.95,,82.25,79.34,80.37,75.97,80.34,77.14,82.94,79.31,76.62,76.27,79.44,76.73,79.13,82.21,82.76,81.44,78.28
30,C5,94,94.33,,96.47,97.55,95.9,95.34,101.12,95.07,95.5,91.64,93.07,91.74,90.45,88.52,93.48,94.28,93.03,91.65,92.23
30,C5',64.21,65.89,,66.68,71.91,65.47,68.7,68.07,62.6,68.09,65.49,74.77,71.78,67.33,62.52,65.34,66.8,64.82,65.94,63.1
30,C6,136.31,137.56,,137.9,138.04,137.46,139.13,139.11,136.05,138.8,136.01,140.88,141.97,140.21,137.54,141.55,138.5,136.66,138.31,134.88
30,H1',6.41,6.76,,6.5,5.89,6.23,5.84,6.37,5.86,6.45,6.02,6.32,5.91,6.31,6.01,6.33,6.44,6.41,6.33,6.16
30,H2',4.5,4.69,,4.91,4.99,4.28,4.72,5.17,4.47,4.64,4.5,5.27,4.75,4.86,3.97,4.82,4.84,4.01,4.41,4.22
30,H3',4.53,4.9,,4.83,3.8,4.54,3.85,4.43,3.98,5.09,4.55,4.28,4.04,4.53,4.06,4.61,4.68,4.71,4.74,3.88
30,H41,9.34,9.68,,9.14,8.47,8.32,10.06,8.86,10.02,9.08,4.46,4.61,4.88,5.37,4.69,4.57,6.13,8.71,5.01,8.01
30,H42,5.09,4.86,,4.73,5.23,5.18,4.66,5.07,4.98,5.11,4.74,5.12,5,4.76,5.25,4.27,4.85,4.92,4.7,3.26
30,H4',4.54,4.84,,4.91,4.64,4.56,4.47,4.85,4.06,4.78,4.37,4.74,4.58,5.04,4.18,4.65,4.68,4.75,4.62,4.29
30,H5,5.43,5.53,,5.3,5.26,5.2,5.29,5.66,5.05,5.19,5.1,5.51,5.47,5.34,5.2,5.32,5.32,5.4,5.17,4.97
30,H5',4.31,4.44,,4.49,4.42,4.1,4.43,4.66,4.18,4.69,4.35,4.99,4.61,4.44,4.03,4.44,4.36,4.46,4.37,4.04
30,H5'',3.9,4.01,,4.01,4.43,3.98,4.3,4.47,3.77,4.21,3.89,4.81,4.46,4.3,3.58,4.03,4.07,3.94,3.92,3.65
30,H6,7.91,7.75,,7.84,7.64,8.08,8.22,8.12,7.62,7.83,7.66,8.61,8.43,8.01,8.18,8.02,7.83,7.72,7.84,7.74
30,HO2',3.06,2.71,,2.92,2.68,3.2,3.01,3.07,2.8,2.51,2.67,3.05,3.06,3.01,3.13,2.62,2.84,2.53,2.5,2.98
30,N1,166.2,171.69,,169.94,166.39,171.67,164.55,169.95,166.37,173.1,169.86,165.67,170.3,175.67,170.02,173.78,172.5,168.32,174.13,162.45
30,N3,207.71,209.69,,206.55,218.15,216.63,210.75,209.94,211.88,206.94,223.07,215.28,213.91,219.2,218.23,221.15,234.34,222.11,221.1,225.37
30,N4,108.6,108.77,,124.91,103.37,97.44,109.59,107.56,111.3,109.54,112.93,94.69,93.96,101.56,89.99,101.74,108.68,109.26,105.82,110.33
30,P,-18.73,-21.14,,-19.54,-14.61,-17.75,-14.83,-19.23,-15.71,-19.7,-19.89,-21.5,-17.61,-19.01,-18.8,-19.86,-18.81,-19.26,-19.45,-20.48
31,C1',97.61,98.35,98.24,100.43,98.71,94.31,98.82,97.18,95.24,95.36,,96.18,92.19,95.21,87.78,99.52,,95.73,,89.92
31,C2,147.81,152.14,146.74,148.63,143.74,148.74,146.87,145.31,145.68,149.74,,142.89,147.5,150.9,147.85,143.45,,151.19,,147.35
31,C2',78.06,80.66,78.26,80.18,77.4,76.23,78.69,80.25,76.18,78.34,,73.5,76.37,79.41,69.93,77.82,,77.76,,71.77
31,C3',72.62,75.36,78.95,75.62,77.2,80.33,73.1,74.57,71.04,81.16,,72.54,83.21,78.38,73.44,71.64,,79.1,,84.18
31,C4,154.88,157.23,158.72,157.37,157.59,159.08,159.12,158.78,155.88,157.65,,154.43,158.41,158.04,155.72,158.58,,157.24,,157.13
31,C4',80.78,82.32,78.86,84.76,82.43,87.27,81,84.41,78.15,88.22,,79.58,89.38,92.1,79.3,80.26,,87.59,,78.89
31,C5,103.66,106.02,104.95,104.11,103.77,105.22,103.74,106.88,104.32,105.53,,107.73,105.75,104.69,105.23,105.91,,106.99,,105.63
31,C5',64.92,65.61,71.99,67.36,67.45,71.78,65.65,69.08,63.35,75.06,,70.57,74.04,73.37,68.42,64.42,,69.95,,69
31,C6,136.44,138.47,136.8,137.73,136.28,137.76,138.28,139.89,136.25,141.69,,138,140.53,142.47,138.92,140.2,,141.19,,138.96
31,H1',6.33,6.39,6.46,6.8,5.96,6.6,5.71,6.72,6.33,6.74,,5.99,6.91,6.93,6.24,5.96,,7.02,,6.26
31,H2',4.49,4.58,4.72,4.88,4.12,4.25,4.59,4.93,4.28,4.91,,5.41,4.22,4.78,3.67,4.52,,4.94,,3.97
31,H3,6.32,9.54,8.46,8,6.92,7.01,7.14,7.26,6.74,7.68,,6.19,7.55,8.06,7.24,7.33,,7.84,,7.22
31,H3',4.6,4.55,4.05,4.84,4.41,4.39,4.26,4.25,4.47,4.79,,4.69,4.63,5.06,3.47,4.46,,4.88,,3.38
31,H4',4.55,4.87,4.45,4.93,4.34,4.79,4.38,4.97,4.37,4.97,,4.93,4.42,4.78,4.42,4.5,,4.99,,4.42
31,H5,5.05,5.36,5.47,5.36,5.11,5.95,5.3,5.6,5.39,5.8,,5.4,6.1,6.09,6.02,5.17,,6.09,,6.12
31,H5',4.21,4.23,4.24,4.35,4.13,4.08,4.09,4.58,4.1,4.7,,4.72,4.4,4.02,4.45,4.13,,3.34,,4.58
31,H5'',3.95,4.11,4.16,3.97,3.92,3.96,3.84,4.35,3.75,4.34,,4.7,4.1,4.4,3.71,4.72,,4.17,,3.39
31,H6,7.88,8.24,7.4,8.38,7.9,7.79,8.14,8.5,8.17,8.49,,7.87,8.61,8.29,8.4,8.01,,8,,7.83
31,HO2',7.86,2.92,5.59,7.34,4.78,2.41,2.68,2.48,4.09,2.35,,5.45,2.92,5.74,2.47,5.32,,4.94,,7.18
31,N1,171.85,173.79,172.31,176.25,170.24,171.48,172.65,170.5,169.69,169.96,,167.76,172.9,178.06,162.84,171.58,,175.62,,167.23
31,N3,173.55,180.97,182.55,183.42,176.57,174.82,178.73,174.02,171.01,175.03,,170.89,174.51,178.62,173.22,185.57,,179.73,,171.2
31,P,-17.68,-17.17,-17.37,-19.69,-16.66,-16.58,-17.36,-20.14,-18.26,-18.12,,-22.08,-16.2,-15.55,-14.11,-20.59,,-20.03,,-19.7
32,C1',95.94,95.85,96.43,98.28,98.72,97.3,97.86,98.73,93.72,97.11,93.3,96.09,101.13,95.89,95,98.38,84.69,,103.4,97.98
32,C2,143.43,145.73,143.51,143.15,143.17,143.54,143.71,143.89,143.76,144.98,145.99,145.45,143.89,144.96,142.23,144.76,145.46,,140.61,139.3
32,C2',76.38,79.9,76.37,77.97,73.88,77.01,76.16,78.73,74.17,81.32,77.83,78.91,76.94,81.82,73.93,77.17,79.11,,76.83,81.44
32,C3',72.58,82.56,72.86,75.09,86.87,73.32,72.42,75.57,70.46,86.91,76.8,81.03,73.68,82.94,69.21,75.87,85.8,,79.15,71.3
32,C4,144.7,150.22,145.67,145.39,150.18,147.06,145.78,146.18,144.43,148.48,149.58,145.53,145.49,146.75,143.05,146.97,147.51,,140.61,146.07
32,C4',81.31,87.78,81.07,83.93,81.83,81.46,81.53,84.49,77.75,89.48,85.52,77.71,84.22,89.98,78.81,79.4,89.3,,79.37,83.81
32,C5,117.97,117.95,117.1,117.41,118.65,118.11,119.09,119.49,117.88,117.86,116.87,119.44,119.28,117.65,115.67,122.3,116.19,,116.58,115.04
32,C5',65.24,69.93,69.26,68.42,70.71,67.88,66.95,75.11,63.47,75.51,68.52,74.41,70.97,77.56,68.08,72.46,72.55,,65.24,63.08
32,C6,150.87,152.79,150.32,149.57,151,150.27,150.94,151.25,150.62,152.6,151.99,153.03,150.65,152.2,148.61,153.5,150.24,,146.9,151.26
32,C8,134.05,130.56,132.88,134.14,133.02,130.83,130.58,132.67,132.51,132.32,130.06,133.07,130.22,134.44,144.46,129.69,132.97,,146.45,136.01
32,H1,6.6,7.25,6.48,6.35,7.07,6.54,6.47,6.62,6.47,7.27,7.03,7.22,6.74,7.11,6.41,7.06,11.11,,6.22,6.85
32,H1',6.1,6.66,5.95,6.3,5.82,6.07,5.92,6.18,5.84,6.62,6.3,6.48,6.84,6.8,5.75,5.73,7.49,,6.16,6.25
32,H21,4.55,4.79,4.89,4.41,4.95,4.85,4.64,4.64,4.68,4.85,5,5.12,4.82,4.78,4.77,4.69,4.99,,4.69,4.72
32,H22,5.09,5.25,5.45,5.03,5.81,5.25,5.17,5.2,5.09,5.21,5.48,5.22,5.22,5.21,5.02,4.53,4.72,,5.07,5.93
32,H2',5.19,4.94,5.44,5.69,5.03,5.39,4.88,5.31,5.17,4.78,4.36,5.94,5.88,5.45,5.27,4.89,5.39,,5.62,4.83
32,H3',4.91,5.09,4.94,5.27,5.05,4.82,4.94,5.37,4.44,5.32,5.31,4.32,5.22,5.09,5.59,4.15,4.8,,5.76,7.22
32,H4',4.45,4.77,4.41,4.83,5.53,4.45,4.26,4.6,4.07,4.94,4.35,5.68,4.48,5.36,3.98,4.17,3.59,,4.75,4.14
32,H5',4.5,3.97,4.5,4.4,4.68,4.77,4.24,4.71,4.24,4.42,3.57,4.87,4.36,4.42,4.23,4.76,4.04,,4.36,4.96
32,H5'',3.9,4.11,4.1,4.08,4.27,4.05,3.97,4.2,3.63,4.13,4.14,4.88,4.21,4.74,3.85,4.17,3.63,,5.35,5.52
32,H8,7.46,7.8,7.77,7.76,7.73,7.64,7.22,7.68,7.47,7.6,7.68,8.08,7.41,8.74,8.14,7.29,7.44,,8.25,7.71
32,HO2',3.12,2.47,2.78,2.7,2.35,2.75,2.96,3.1,2.85,2.64,2.25,6.05,2.51,2.74,2.74,4.24,1.85,,2.5,2.88
32,N1,153.72,152.48,153.59,152.96,147.69,152.39,151.24,152.36,152.26,152.33,153.05,151.57,151.47,154.09,147.63,154.18,155.74,,145.12,142.71
32,N2,84.06,83.11,82.13,81.99,97.86,79.78,82.1,84.82,82.39,83.71,82.49,85.26,81.91,78.9,80.75,79.92,94.65,,78.45,96.83
32,N3,178.07,172.14,179.51,176.3,186.88,180.36,179.02,177.74,177.17,174.41,172.57,174.14,177.35,172.63,177.9,177.35,180.16,,175.27,182.23
32,N7,245.43,255.64,244.62,244.27,248.4,253.55,242.74,246.73,242.19,250.14,249.01,242.23,243.01,243.21,222,256.78,253.92,,246.6,244.47
32,N9,183.31,186.94,182.17,184.31,180.19,180.59,182.56,184.85,180.62,187.3,184.2,188.46,184.27,186.92,172.87,185.66,188.05,,179.33,189.4
32,P,-15.6,-17.88,-19.05,-19.22,-19.38,-11.56,-17.77,-21.9,-14.04,-17.91,-22.38,-19.54,-16.55,-16.47,-26.25,-22.43,-18.83,,-19.89,-17.63
33,C1',96.13,100.4,95.08,95.26,,95.29,94.17,100.09,89.61,98.42,96.08,96.8,97.49,94.81,92.63,102.91,98.5,99,95.99,95.46
33,C2,144.78,145.67,145.14,142.87,,144.43,144.91,144.69,144.58,144.62,144.82,145.1,144.95,145.13,144.41,144.21,145.13,143.14,144.82,143.16
33,C2',80.49,82.08,76.91,79.13,,77.74,79.35,82.42,79.71,81.78,76.19,78.14,78.43,80.51,76.55,77.2,79.64,77.96,78.83,75.89
33,C3',76.31,84.22,75.37,74.56,,74.05,70.59,78.5,75.02,77.24,83.23,73.36,80.37,80.34,70.03,80.65,75.08,73.81,73.53,70.92
33,C4,144.76,149.76,146.25,147.49,,146.52,146.99,146.06,145.11,147.84,147.36,146.51,144.49,147.82,145.11,144.71,147.22,147.34,146.46,144.95
33,C4',82.91,81.15,80.24,80.88,,80.81,79.31,74.71,74.85,82.45,82.06,78.36,79.58,92.99,78.92,78.28,82.77,84.64,82.8,80.14
33,C5,117.25,118.73,118.42,117.3,,120.29,118.12,119.04,118.42,117.8,117.94,117.18,120.38,118.93,117.69,120.19,117.92,118.74,119.71,118.18
33,C5',63.65,69.83,66.14,64.96,,66.19,64.36,63.62,63.74,66.63,68.22,68.27,69.48,74.17,65.1,64.37,74.68,69.12,67.47,68.58
33,C6,149.78,152.48,151.47,152.17,,151.88,152.57,152.59,150.4,152.09,151.57,152.21,150.27,152.76,151.14,153.94,152.38,150.79,152.17,151.1
33,C8,129.77,130.4,130.13,129.37,,128.98,128.79,132.69,128.99,133.11,129.71,133.81,129.16,132.36,131.7,127.53,136.08,135.5,127.02,134.03
33,H1,6.87,7.24,7.12,9.92,,8.5,7.64,6.99,6.69,7.1,6.99,7.13,6.74,7.26,6.8,6.95,7.15,6.53,7.07,6.4
33,H1',6.21,6.39,5.9,6.17,,6,5.88,6.44,5.35,6.26,5.73,6.37,5.87,6.84,5.76,6.89,6.37,6.33,5.82,5.92
33,H21,4.95,4.98,5.34,2.45,,5.09,7.82,5.01,4.95,4.88,5.05,5.13,4.92,4.82,4.73,4.78,4.98,4.62,4.95,4.76
33,H22,5.14,8.31,5.49,6.79,,5.34,4.86,5.27,5.13,5.32,5.18,5.41,5.21,5.11,4.98,5,5.19,5.19,5.03,5.18
33,H2',5.48,4.49,5.32,4.94,,4.75,3.9,4.64,5.89,4.88,4.42,4.72,4.82,5.47,4.72,4.53,5.21,5.7,4.54,5.29
33,H3',4.23,4.6,4.39,4.26,,5.25,4.52,4.63,4.39,4.67,5.42,5.25,4.7,6.52,4.47,4.59,5,5.78,4.9,4.98
33,H4',4.48,4.42,4.37,4.64,,4.4,4.18,6.36,4.07,4.51,4.22,4.6,4.58,4.87,4.15,4.53,4.78,4.62,4.48,4.36
33,H5',4.1,4.31,4.17,4.2,,4.01,4.21,4.16,3.95,4.39,4.12,4.79,5.04,3.9,3.84,4.36,5,5,4.16,4.24
33,H5'',3.75,4.32,3.85,3.91,,3.8,3.91,4.57,3.65,3.99,3.86,4.42,4.66,4.44,3.89,3.97,4.53,4.09,3.86,4.51
33,H8,7.55,7.35,7.74,7.63,,7.45,7.58,7.81,7.23,7.77,7.75,7.88,7.77,8.03,7.59,7.6,7.81,8.02,7,7.73
33,HO2',3.18,4.52,2.72,2.96,,2.86,2.88,3.01,3.18,2.06,3.48,2.82,2.62,2.6,2.99,6.45,3.06,2.88,2.95,2.98
33,N1,153.11,153.11,153.46,155.92,,158.2,152.3,156.01,151.33,152.85,157.34,158.36,157.05,151.88,148.2,157.21,153.11,152.04,151.88,152.17
33,N2,80.65,83.93,78.61,95.29,,77.72,87.69,79.21,79.35,82.37,81.24,88.92,77.19,81.44,80,81.5,78.44,82.75,78.7,82.09
33,N3,177.18,181.4,179.92,174.57,,173.48,177.13,174.46,176.21,176.73,176.56,174.15,176.27,172.13,177.76,172.74,176.11,180.12,175.93,177.98
33,N7,246.49,246.36,246.27,245.53,,250.98,252.26,247.48,255.56,242.88,255.08,248.45,262.83,248.22,263.36,250.94,246.96,247.76,260.72,243.2
33,N9,187.25,187.3,182.67,183.29,,180.16,184.24,193.31,180.91,187.9,181.65,187.12,180.92,189.81,177.82,185.49,189.06,186.39,179.03,180.78
33,P,-20.58,-21.01,-18.85,-16.88,,-20.64,-18.86,-27.53,-15.72,-20.8,-20.95,-23.9,-10.61,-18.11,-19.07,-19.13,-15.43,-17.71,-16.76,-18.74
34,C1',90.46,92.54,96.58,94.12,100.72,95.47,94.62,95.09,90.32,94.77,94.89,97.47,96.93,99.89,91.5,100.63,97.59,96.31,98.32,94.86
34,C2,148.37,143.9,144.93,146.52,144.2,142.21,147.39,147.4,147,145.61,140.84,140.9,144.32,145.59,144.28,141.53,141.08,142.86,141.12,144.18
34,C2',73.25,79.65,78.52,79.25,79.44,77.44,75.85,79.94,73.42,80.57,67.89,80.62,78.53,79.29,75.33,80.97,80.17,77.45,73.1,76.03
34,C3',76.91,78.32,77.43,84.83,81.7,76.88,83.24,80.56,78.76,78.59,71.83,73.53,75.49,73.51,70.08,75.32,74.09,75.35,78.33,71.6
34,C4,148.01,150.61,147.28,146.64,151.93,148.45,149.66,151.5,149.2,148.1,149.68,144.41,141.17,148.05,141.03,147.42,149.17,143.69,147.5,144.81
34,C4',75.95,83.42,80.33,86.68,83.8,81.54,88.79,88.44,71.63,82.28,84.04,83,85.07,81.78,78.16,85.46,82.8,82.64,88.41,79.79
34,C5,117.14,117.49,115.23,118.08,117.15,114.21,117.4,115.85,115.54,116.8,110.32,111.46,118.67,117.51,117.25,119.97,114.48,117.05,114.82,120
34,C5',68.75,74.84,71.04,70.9,74.64,72.05,76.75,75.01,77.41,75.5,67.31,69.23,68.22,65.02,65.12,75.69,70.5,66.44,70.71,65.44
34,C6,153.62,151.71,153.09,153.5,151.6,152.09,153.85,154.69,153.1,152.58,148.94,147.63,147.94,151.47,144.83,152.69,151.24,148.21,148.39,150.99
34,C8,132.03,130.42,133.84,131.93,126.68,129.26,128.31,129.94,129.22,129.85,132.34,138.98,128.93,131.81,127.82,134.07,135.98,128.95,132.52,130.38
34,H1,12.95,12.36,12.95,13.03,11.67,12.97,13.08,13.16,11.58,12.63,6.37,9.32,8.22,9.53,9.34,7.98,8.7,8.94,6.88,9.29
34,H1',6.23,6.12,5.24,6.68,5.42,4.76,6.12,6.91,5.36,6.85,5.32,6.41,5.75,6.42,5.17,6.48,6.22,6.58,5.86,6
34,H21,9.86,6.14,7.81,7.89,10.03,9.29,8.5,10.07,6.42,9.74,7.25,5.69,6.84,5.25,4.91,3.71,3.68,4.82,3.5,5.42
34,H22,10.11,4.33,4.05,5.04,11.36,10.3,4.25,11.79,5.27,4.94,8.34,5.06,4.81,5.3,4.76,4.83,5.16,4.97,9.65,4.85
34,H2',4.89,6.04,4.63,5.27,5.29,5.21,4.79,4.78,4.37,6.31,6.56,5.38,5.04,4.7,4.54,5.28,5.13,5.64,5.89,4.9
34,H3',4.69,4.66,4.45,4.58,4.23,3.89,4.62,5.27,4.41,4.8,4.7,7.76,4.83,4.87,4.56,5.82,7.23,4.76,4.66,4.64
34,H4',6.33,4.91,4.26,4.91,3.79,4.15,3.77,4.79,9.33,4.74,4.43,4.69,4.41,4.81,4.13,4.6,4.37,4.87,4.43,4.37
34,H5',3.9,4.08,4.33,4,4.19,3.91,4.29,4.73,4.26,4.42,4.33,4.85,4.31,4.28,3.85,4.27,4.42,4.23,3.89,4.1
34,H5'',4.07,3.88,4.52,3.92,4.69,4.32,4.02,4.28,3.99,3.96,4.21,4.83,4.17,4.62,3.77,5.2,4.04,4.15,3.92,3.85
34,H8,7.43,7.63,8.12,7.49,7.23,7.85,7.67,7.72,7.47,7.52,7.24,7.86,7.24,8.01,7.38,7.86,7.44,7.52,7.24,7.89
34,HO2',3.74,2.58,4.05,2.43,1.6,2.77,2.18,2.6,2.24,3,1.85,3.05,3.15,2.99,2.95,3.13,2.91,2.96,2.19,3.04
34,N1,160.19,162.94,155.45,156.41,160.84,151.22,156.94,160.87,157.54,155.67,149.05,144.67,153.82,159.47,148.88,146.94,149.42,151.46,156.64,154.7
34,N2,99.69,88.82,91.03,84.23,114.62,114.33,91.93,104.86,88.43,86.26,110.16,91.71,81.96,80.05,72.65,81.58,91.73,77.89,96.23,76.98
34,N3,178.32,182.46,180.48,179.45,182.13,174.19,184.91,177.24,188.5,176.98,192.46,180.9,171.74,178.23,168.32,181.39,185.85,172.98,176.37,179.83
34,N7,241.49,245.29,233.64,244.26,244.32,248.56,254.52,253.29,251.39,254.97,246.5,240.77,236.76,264.14,253.13,251.81,245.85,251.43,244.72,253.81
34,N9,180.67,193.26,182.68,185.05,184.99,180.13,182.75,184.22,182.91,192.68,173.77,191.47,176.59,187.42,178.05,189.53,191.91,182.99,176.86,179.06
34,P,-17.12,-19.23,-15.87,-19.28,-16.25,-17.58,-20.2,-16.28,-22.37,-18.69,-31.2,-25.01,-19.57,-22.48,-18.05,-10.88,-21.3,-19.05,-19.88,-18.37
35,C1',97.86,98.86,94.78,98.78,95.39,97.48,99.09,99.18,96.7,96.92,,90.82,97.45,96.83,93.6,98.93,99.05,97.92,,
35,C2,152.65,150.36,150.36,149.44,151.23,150.44,147.41,152.03,152.47,152.48,,152.52,149.22,151.57,150.52,150.09,153.13,147.73,,
35,C2',76.62,80.76,78.52,82.5,78.21,76.01,79.71,78.04,76.04,83.86,,73.96,77.78,80.3,75.84,78.46,80.53,78.92,,
35,C3',75.89,85.69,72.35,80.38,78.06,72.38,69.78,79.53,71.32,83.22,,74.74,73.61,81.45,70.09,77.71,77.63,75.25,,
35,C4,145,147.29,144.22,148.06,144.58,144.4,145.22,144.15,142.66,146.88,,139.78,142.9,145.3,141,144.36,145.17,144.87,,
35,C4',82.4,92.62,79.82,84.18,79.74,80.98,76.23,86.88,78.8,89.28,,72.24,80.78,79.97,78.51,79.83,86.69,82.82,,
35,C5,115.19,116.39,115.76,115.78,111.39,113.17,113.66,110.85,116.54,115.19,,112.92,117.29,115.14,115.78,118.45,111.82,119.25,,
35,C5',71.1,78.2,64.96,70.2,72.26,63.28,67.97,74.4,67.08,76.48,,78.2,67.92,72.46,64.34,72.78,74.17,65.97,,
35,C6,145.89,147.11,145.93,144.23,145.32,144.65,145.75,144.92,146.45,146.71,,143.66,146.79,143.71,147.12,146.5,144.32,148.23,,
35,C8,134.34,135.77,130.28,139.46,128.72,134.34,139.66,132.8,136.12,136.46,,135.57,128.85,133.29,130.08,130.77,134.03,131.88,,
35,H1',6.14,6.57,6.35,6.6,6.66,6.39,6.44,6.63,5.86,6.82,,6.36,6.31,5.53,5.89,5.17,5.58,6.58,,
35,H2,8.45,8.06,7.54,9.05,8.3,8.11,8.75,8.4,8.01,8.49,,8.14,7.63,8.15,7.39,8.01,7.67,7.01,,
35,H2',5.75,4.83,4.8,5.26,5.76,5.7,5.23,5.91,5.16,6.61,,4.95,5.05,5.71,4.47,5.16,4.63,4.93,,
35,H3',3.83,4.86,4.72,7.09,4.23,4.89,6.6,4.45,4.66,6.48,,4.27,4.76,4.23,4.54,3.92,4.2,5.1,,
35,H4',4.54,6.27,4.4,4.91,4.65,4.53,4.41,4.7,4.12,5.08,,4.42,4.47,4.63,3.99,4.86,4.33,4.77,,
35,H5',4.52,5.22,4.5,4.11,4.26,4.47,4.02,5,5,4.88,,5.03,4.46,4.54,4.01,4.66,4.4,4.37,,
35,H5'',4.42,4.66,4.01,5.71,4.57,3.95,4.44,5.59,4.12,5.08,,5.1,4.23,4.46,3.86,4.34,4.66,4.06,,
35,H61,5.44,7.68,5.97,5.96,7.34,6.8,5.73,7.32,7.99,5.67,,11.23,10.81,9.39,11.31,10.93,5.37,5.01,,
35,H62,5.3,5.94,5.99,6.02,6.62,7.79,5.76,7.16,5.01,5.99,,5.58,5.24,5.86,5.41,5.55,7.91,8.61,,
35,H8,7.62,7.98,7.46,8.05,7.97,7.48,7.92,7.92,8.14,8.73,,8.37,7.39,7.36,7.29,7.88,7.86,7.59,,
35,HO2',3.12,6.6,2.76,3.48,2.94,3.05,3,2.87,2.64,2.18,,2.3,2.66,1.89,2.88,2.36,3.91,3.05,,
35,N1,233.97,239.08,241.87,226.45,234.96,228.37,218.78,235.77,232.23,231.1,,243.55,249.43,241.06,240.23,249.85,250.8,221.97,,
35,N3,238.92,237.89,229.87,247.98,236.74,230.53,242,236.78,233.83,234.42,,229.47,226.37,239.87,224.61,231.4,241.47,233.36,,
35,N6,94.51,95.79,108.56,110.55,104.9,104.52,95,104.69,101.62,91.43,,109.13,109.07,97.84,110.22,103.37,102.01,108.55,,
35,N7,244.93,240.34,238.02,235.87,243.01,237.66,226.16,242.26,254.84,236.45,,237.25,241.73,237.29,246.53,240.07,239.46,249.7,,
35,N9,183.72,190.96,185.32,199.55,181.56,175.97,197.37,185.42,179.8,196.48,,187.57,184.02,188,182.47,185.39,193.53,187.07,,
35,P,-18.92,-19.35,-17.61,-24.21,-20.04,-19.14,-19.66,-21.6,-16.31,-21.27,,-11.99,-17.27,-16.69,-18.03,-17.47,-14.99,-16.51,,
36,C1',96.25,,96.77,100.34,96.74,96.95,97.66,97.36,95.79,,97.67,96.96,98.24,,94.94,98.24,99.93,99.2,,95.9
36,C2,146.24,,146.51,146.21,145.66,145.57,146.32,146.06,147.12,,146.76,147.03,146.8,,147.77,146.66,146.95,145.48,,146.35
36,C2',75.92,,77.31,78.18,76.53,76.2,76.52,77.43,73.92,,76.19,76.64,77.17,,74.55,76.44,78.41,77.66,,75.17
36,C3',72.49,,82.61,83.3,73.34,73.16,72.65,74.78,73.78,,76.81,72.99,73.55,,70.82,77.45,79.62,74.44,,71.17
36,C4,147.81,,148.7,150.35,148.13,147.79,148.24,148.1,147.7,,149.77,148.25,148.61,,147.47,149.3,149.16,148.34,,147.2
36,C4',80.1,,74.88,78.22,81.24,80.97,79.74,81.62,78.56,,79.86,79.68,82.15,,77.64,79.2,82.48,82.91,,78.63
36,C5,117.51,,117.89,116.22,117.15,117.39,118.34,117.59,117.92,,117.72,117.71,117.51,,116.95,120.3,119.6,118.37,,118.29
36,C5',65.01,,69.85,70.97,67.05,66.18,70.87,69.51,68.94,,72.66,69.4,68.87,,64.98,72.51,72.55,66.9,,65.49
36,C6,154.5,,153.44,153.99,153.5,152.66,154.51,154.25,153.9,,153.98,154.8,154.33,,154.7,156.52,154.93,153.53,,155.09
36,C8,129.47,,126.65,129.9,127.54,125.96,130,129.23,129.66,,127.79,128.96,127.46,,127.47,127.97,129.5,128.09,,127.43
36,H1,12.59,,13.17,12.61,12.7,13.11,12.61,12.69,12.35,,12.55,12.56,12.53,,12.3,12.37,12.67,12.96,,12.37
36,H1',5.08,,5.78,6.39,5.03,5.42,5.99,5.31,5.76,,5.94,6.35,5.77,,5.53,5.9,6.4,6.18,,5.65
36,H21,9.32,,9.71,9.2,9.48,9.77,9.28,9.51,9.07,,9.27,9.38,9.23,,9.05,8.92,9.18,9.51,,9.14
36,H22,4.74,,5.13,4.62,5.05,4.85,5.13,4.83,5.02,,5.03,5.2,4.9,,4.95,4.64,4.73,4.67,,5
36,H2',4.43,,4.46,4.92,4.44,4.48,4.6,4.62,4.4,,4.55,4.99,4.55,,4.24,4.67,4.83,4.78,,4.44
36,H3',4.45,,4.2,4.51,4.55,4.59,4.94,4.7,3.89,,4.01,4.94,4.71,,4.3,4.18,4.41,5.03,,4.55
36,H4',4.18,,4.51,5.76,4.22,4.37,4.32,4.51,3.83,,4.27,4.79,4.43,,4.04,4.47,4.81,4.75,,4.24
36,H5',3.99,,4.8,4.44,4.08,4.23,4.1,4.48,3.94,,4.16,4.68,4.38,,3.96,4.31,4.46,4.38,,4.18
36,H5'',3.86,,4.24,4.54,4,3.85,4.32,4.35,3.71,,4.04,4.57,4.08,,3.78,4.17,4.55,3.94,,3.85
36,H8,6.56,,6.57,7.33,6.83,6.89,7.4,6.98,6.59,,6.28,6.72,6.67,,6.47,6.38,6.59,6.65,,6.45
36,HO2',2.73,,2.73,2.96,2.63,2.69,2.91,2.72,2.97,,2.9,2.79,2.81,,2.8,2.9,2.96,2.88,,2.8
36,N1,160.14,,156.79,159.96,158.54,154.15,160.94,158.69,159.07,,158.54,158.98,158.49,,159.11,161.17,159.72,157.97,,159.42
36,N2,90.68,,89.95,92.51,88.14,89.57,89.4,91.34,91.19,,90.89,93.23,90.94,,93.28,93,92.53,88.49,,89.18
36,N3,178.61,,179.97,182.09,179.27,178.31,178.54,177.66,177.1,,180.21,176.32,177.72,,176.98,177.48,179.04,175.09,,174.87
36,N7,246.74,,246.18,245.94,247.76,252.89,244.33,250.87,248.48,,242.98,243.53,246.98,,245.01,250.08,247.08,250.8,,245.07
36,N9,183.25,,181.57,187.12,181.03,178.29,182.8,183.49,180.17,,180.1,181.35,180.76,,179.76,179.7,184.3,182.98,,179.24
36,P,-14.96,,-20.29,-18.1,-17.76,-18.57,-20.68,-17.7,-16.67,,-18.92,-21.19,-18.95,,-16.79,-19.53,-18.3,-20.04,,-19
37,C1',97.73,100.33,98.12,100.01,98.71,98.45,98.42,99.54,,99.96,98.26,98.11,99.39,100.36,96.15,98.72,99.63,100.23,99.68,96.96
37,C2,151.74,153.14,150.55,153.15,150.63,151.59,151.11,150.94,,152.28,150.54,148.99,150.43,153.07,150.24,152,152.37,152.99,151.8,150.63
37,C2',76.14,77.88,76.37,77.84,76.9,76.56,76.33,78.02,,78.14,76.28,76.82,77.55,77.95,74.86,76.35,78.06,77.85,77.39,75.24
37,C3',72.52,74.68,72.46,74.51,72.72,73,72.39,74.31,,74.67,72.42,73.21,73.42,74.62,70.82,72.52,74.51,74.38,73.72,71.17
37,C4,152.45,153.25,153.16,153.42,152.95,153.2,152.41,152.79,,153.01,153.28,146.23,152.53,153.19,152.5,153.8,153.75,153.18,153.88,152.6
37,C4',80.02,83.55,80.46,83.34,81.81,81.31,80.72,82.53,,83.43,80.4,79.94,82.39,83.39,77.87,80.74,83.11,83.29,82.64,78.84
37,C5,93.62,94.25,92.98,93.81,94.54,93.15,93.96,95.57,,94.74,93.07,94.5,98.49,94.21,92.92,94.99,94.66,94.31,92.83,93.34
37,C5',65.07,66.65,66.42,65.8,66.99,65.42,66,69.37,,68.04,66.33,69.63,68.28,66.68,64.06,65.99,67.18,66.81,66.76,64.83
37,C6,138.07,138.45,137.47,138.34,137.38,135.74,138.11,140.12,,138.85,136.8,137.99,139.77,138.64,136.18,140.87,139.17,138.62,137.77,137.66
37,H1',6.05,6.3,5.83,6.34,5.95,5.94,5.87,6.22,,6.3,5.86,6.36,5.88,6.33,5.68,6.08,6.18,6.31,5.97,5.89
37,H2',4.54,4.77,4.48,4.78,4.59,4.5,4.46,4.79,,4.82,4.46,4.98,4.63,4.79,4.27,4.64,4.65,4.79,4.56,4.43
37,H3',4.57,4.91,4.52,4.86,4.65,4.61,4.47,4.83,,4.89,4.56,4.92,5.12,4.91,4.23,4.68,4.81,4.97,4.7,4.43
37,H41,9.29,9.56,9.33,9.54,9.44,9.97,9.65,9.26,,9.48,9.33,9.91,9.18,9.55,9.14,9.18,9.36,9.58,9.47,9.16
37,H42,4.93,4.62,5.23,4.82,5.02,9.48,4.86,5.11,,4.95,5.11,9.42,4.72,4.74,5.07,4.72,4.91,4.81,4.97,5.04
37,H4',4.47,4.81,4.36,4.78,4.46,4.47,4.38,4.69,,4.8,4.43,4.8,4.43,4.86,4.12,4.59,4.66,4.82,4.54,4.29
37,H5,4.72,4.7,4.67,4.83,4.73,4.67,4.72,4.94,,4.82,4.65,4.91,4.65,4.76,4.56,4.9,4.73,4.81,4.81,4.66
37,H5',4.27,4.46,4.31,4.4,4.39,4.3,4.28,4.69,,4.56,4.36,4.92,4.44,4.46,4.1,4.44,4.45,4.45,4.37,4.21
37,H5'',3.91,3.97,3.95,3.98,4.06,3.85,3.84,4.37,,4.19,3.95,4.56,4.08,4,3.7,4.09,4.06,4.02,3.93,3.92
37,H6,7.93,7.92,7.92,7.89,7.97,7.8,7.92,8.15,,8.01,7.9,8.33,8,7.94,7.85,7.98,7.9,7.92,7.85,7.96
37,HO2',2.96,2.86,2.8,2.98,2.89,2.79,2.91,2.88,,2.97,2.78,2.74,2.85,2.88,2.88,2.92,2.91,2.87,2.81,2.8
37,N1,166.68,168.58,165.39,168.46,165.33,163.13,166.52,167.06,,167.77,165.05,160.41,165.8,168.44,164.04,167.74,168.16,167.87,167.19,164.76
37,N3,207.64,210.07,212.17,210.9,210.92,212.48,213.82,209.08,,208.98,212.16,199.02,208.85,210.3,209.35,215.85,209.46,210.37,213.29,211.15
37,N4,111.97,112.4,111.32,111.7,111.59,124.45,115.38,111.63,,112.49,111.71,138.39,110.04,112.1,111.63,111.79,112.11,112.43,112.07,111.57
37,P,-18.6,-20.29,-18.23,-19.46,-18.47,-19.11,-18.16,-19.93,,-19.99,-17.87,-21.46,-22.37,-19.16,-17.99,-20.07,-18.84,-18.18,-19.25,-19
39,C1',97.68,100.41,98.17,100.1,98.54,98.78,98.07,99.46,96.07,100.07,100.45,97.6,99.2,100.23,95.92,98.92,99.92,102.47,99.82,96.91
39,C2,151.11,152.47,149.69,152.31,150.36,150.65,150.59,150.21,149.93,151.72,150.33,148.43,150.17,152.21,149.59,151.78,151.78,152.94,150.68,149.92
39,C2',76.42,77.84,76.75,78.32,77.33,76.14,77.12,78.34,75.68,77.76,77.65,77.93,78.82,77.43,74.65,76.99,78.53,78.8,77.73,75.01
39,C3',72.45,73.9,72.46,74.65,73.06,72.55,72.29,73.99,71.84,74.39,72.77,72.66,73.52,73.92,70.21,73.08,74.96,74.56,73.35,70.86
39,C4,152.49,153.7,152.92,153.21,152.03,153.07,154.99,152.36,150.3,152.57,153.44,150.09,153.17,152.59,152.38,152.62,153.87,153.46,153.05,152.5
39,C4',79.99,83.34,80.52,83.53,81.69,81.15,80.58,82.4,77.17,82.88,81.44,79.25,81.35,83.12,78.01,80.77,83.15,83.71,82.53,78.75
39,C5,93.98,94.9,94,95.5,94.1,94.32,97.37,96.95,93.2,95.93,93.44,97.38,96.56,96.25,93.19,95.85,94.34,94.15,96.98,93.78
39,C5',64.75,66.02,66.31,65.74,66.42,65.64,64.09,68.92,63.65,67.46,66.49,68.47,67.35,65.91,63.84,66.19,67.46,66.21,66.82,64.52
39,C6,138.08,138.84,136.88,138.59,136.06,137.28,137.05,140.33,137.59,138.96,136.42,140.35,139.93,140.13,136.5,141.36,139.46,138.48,137.36,137.63
39,H1',6.14,6.38,6,6.42,6.07,6.08,6.01,6.34,5.71,6.41,5.96,6.52,6.13,6.52,5.75,6.2,6.24,6.4,6.08,5.96
39,H2',4.81,5.24,4.78,5.21,4.87,4.98,4.77,5.22,4.33,5.35,4.56,5.27,4.67,5.34,4.68,5.29,4.87,4.93,5.04,4.88
39,H3',4.44,4.72,4.35,4.87,4.55,4.35,4.42,4.62,4.37,4.67,4.37,4.57,4.28,4.73,4.01,4.57,4.71,4.69,4.6,4.17
39,H41,9.24,9.68,9.39,9.67,9.63,9.58,10.03,9.38,9.51,9.56,9.73,10.08,9.32,9.68,9.2,9.55,9.52,9.96,9.03,9.26
39,H42,4.82,4.66,4.87,4.47,7.55,4.9,7.54,4.74,4.83,4.63,4.55,4.98,4.76,4.79,4.87,4.75,4.75,4.52,3.47,4.92
39,H4',4.45,4.78,4.38,4.73,4.39,4.48,4.3,4.68,4.09,4.77,4.35,4.78,4.48,4.85,4.1,4.46,4.68,4.74,4.63,4.27
39,H5,5.24,5.38,5.27,5.41,5.81,5.16,5.89,5.58,5.14,5.51,4.67,5.72,5.26,5.39,5.02,5.28,5.41,4.92,5.46,5.22
39,H5',4.32,4.51,4.44,4.5,4.47,4.34,4.3,4.77,4.12,4.62,4.4,5,4.56,4.58,4.12,4.51,4.52,4.43,4.5,4.29
39,H5'',3.9,4.02,4,3.99,3.97,3.78,3.85,4.35,3.63,4.11,3.98,4.55,4.07,4.04,3.74,3.91,4.05,3.89,3.97,3.81
39,H6,7.97,8.01,7.97,8.02,7.91,7.82,7.94,8.16,7.79,8.05,7.78,8.36,8.08,8.01,7.81,7.98,8,7.74,8.02,7.91
39,HO2',2.93,3.03,2.98,3.09,2.94,3.04,2.96,3.03,2.88,3.08,4.31,2.83,3.01,3.12,2.88,2.89,3.02,5.1,3,2.97
39,N1,167.56,169.74,166.4,169.83,163.57,167.37,166.34,168.99,164.77,169.6,167.85,164.5,168.01,169.68,165.83,169.6,170.03,171.5,167.43,166.63
39,N3,210.16,211.05,211.4,210.73,207.92,213.26,215.39,206.98,207.43,208.15,212.9,205.35,211.07,210.46,208.92,215.53,211.24,210.29,212.89,210.27
39,N4,109.08,109.52,110.21,108.47,127.48,106.73,116.38,112.61,118.05,111.68,111.13,113.79,106.43,108.37,108.92,109.38,109.87,110.9,108.69,107.49
39,P,-18.66,-18.27,-20.1,-21.42,-18.34,-20.55,-23.51,-21.36,-18.55,-20.21,-17.77,-23.62,-20.85,-18.78,-17.69,-21.59,-20.07,-19.19,-20.42,-19.94
40,C1',95.94,97.01,95.96,97.59,97.08,96.84,96.91,97.42,93.54,97.95,94.95,95.64,99.58,98.59,93,97.88,97.43,101.21,97.18,94.81
40,C2,147.36,150.59,147.46,150.4,148.52,147.28,145.97,148.88,145.75,149.86,148.26,146.01,146.77,145.72,147.22,143.96,148.37,150.77,148.67,146.09
40,C2',76.52,79.76,79.33,80.9,79.94,76.77,79.5,84.79,77.96,78.83,79.61,78.85,79.26,79.65,75.34,77.46,79.11,81.02,79.12,76.88
40,C3',72.57,75.13,82.73,75.67,73.57,73.78,72.63,80.43,78.87,75.23,73.38,73.5,74.73,74.37,70.99,79.36,75.52,75.58,74.11,71.31
40,C4,154.79,157.47,158.94,153.57,158.11,158.78,156.15,159.67,156.05,157.79,156.1,157.28,159.72,154.75,156.69,161.28,159.43,157.43,157.41,156.5
40,C4',79.21,80.66,79.38,82.56,81.16,81.72,81.1,82.21,74.26,81.78,77.71,80.1,83.45,83.86,77.61,80.15,83.54,82.59,81.46,78.45
40,C5,107.21,108.21,107.35,108.01,107.88,104.16,106.95,112.65,102.26,110.05,107.12,108.41,106.88,107.39,105.7,105.2,106.14,107.43,107.44,106.51
40,C5',63.75,65.18,64.69,64.45,65.09,64.76,63.87,63.82,66.19,65.61,61.98,68.02,67.1,65.1,63.42,70.46,67.48,63,65.69,62.87
40,C6,137.83,138.86,137.35,135.9,137.46,137.71,137.69,139.06,139.3,138.48,136.34,136.07,141.52,133.97,135.04,143.05,139.32,138.05,137.63,138.01
40,H1',6.05,6.26,5.75,6.48,6.06,6.22,5.96,6.32,5.72,6.57,5.93,6.49,5.85,6.33,5.97,6.21,6.26,6.42,6.12,6.04
40,H2',5.04,5.27,4.27,4.83,4.64,4.52,4.35,4.76,4.28,5.41,4.7,5.04,4.95,5.07,4.55,5.12,4.86,4.98,4.79,4.56
40,H3,6.78,13.2,11.28,12.32,11.46,11.33,7.97,12,9.91,11.86,7.5,12.72,9.77,7.13,11.01,7.64,13.21,7.9,11.61,6.92
40,H3',4.05,4.37,6.83,4.71,4.31,4.68,4.29,4.66,3.95,4.38,4.53,4.88,4.73,4.82,4.12,4.34,4.76,4.74,4.23,4.05
40,H4',4.42,4.82,4.19,4.87,4.47,4.55,4.42,5.21,4.2,4.73,4.47,4.97,4.55,4.97,4.22,4.75,4.71,4.87,4.6,4.29
40,H5,5.58,5.47,5.46,5.68,5.82,5.55,6.15,5.26,5.69,5.65,7.11,6.63,6.5,6.05,5.34,5.88,5.6,7.21,5.76,5.48
40,H5',4.27,4.49,4.31,4.37,4.42,4.4,4.2,4.2,4.24,4.52,4.55,4.65,4.2,4.41,4.1,4.4,4.5,4.64,4.44,4.26
40,H5'',3.89,3.89,4.4,4.25,4.15,3.81,4.41,5.79,3.97,4.24,4.4,4.42,4.27,4.13,3.7,4.43,4.11,3.99,3.9,3.92
40,H6,7.64,7.89,8.37,8.38,8.09,8.4,8.38,8.65,8.63,7.97,8.36,8.36,8.52,8.1,8.02,8.31,8.5,8.72,8.07,8.18
40,HO2',2.74,2.93,2.97,3.15,2.78,2.81,3.27,2.7,3.03,2.98,2.77,2.87,3.32,3.29,2.92,2.66,2.78,3.23,3.06,2.99
40,N1,167.7,168.27,169.52,165.73,169.14,170.41,166.59,170.65,166.84,169.38,166.19,166.23,172.89,164.51,164.3,168.06,172.56,172.36,166.72,167.83
40,N3,176.11,180.53,175.67,172.53,177.51,180.03,169.48,177.51,175.11,179.45,174.04,176.21,172.6,179.86,174.21,174.68,180.19,181.89,179.27,172.76
40,P,-17.86,-19.55,-24.22,-19.69,-19.33,-19.9,-20.07,-27.17,-14.84,-18.38,-21.88,-25.35,-21.19,-19.31,-17.17,-15.69,-18.44,-25.08,-20.82,-18.48
41,C1',97.24,101.06,98.79,100.13,98.46,98.91,97.98,98.48,96.09,99.58,98.13,98.22,99.26,100.4,97.49,98.33,100.81,101.86,99.23,96.77
41,C2,151.2,151.04,150.5,152.79,150.89,151.57,151.17,151.02,150.23,151.82,150.64,149.46,150.42,152.67,149.26,151.38,149.37,153.85,151.45,150.39
41,C2',76.18,78.38,77.08,77.85,76.79,76.35,76.06,78.53,74.39,77.97,76.29,76.92,77.43,77.7,75.3,75.54,77.9,77.3,77.4,75.12
41,C3',72.28,74.67,81.41,74.63,72.81,72.72,72.09,83.09,70.51,74.62,73.29,72.83,73.27,74.57,71.1,72.52,74.99,78.55,74.15,70.85
41,C4,152.75,154.05,153.47,155.14,154.46,153.83,154.83,154.07,153.03,153.83,154.84,150.01,152.68,153.97,152.73,154.37,152.26,155.47,154.93,153.14
41,C4',80.27,85.25,71.26,83.99,81.83,81.33,80.7,76.56,77.63,83.66,80.55,79.87,82.58,84.44,78.96,80.83,83.43,85.86,83.53,78.78
41,C5,97.89,96.28,92.49,94.91,95.35,93.76,96.01,101.3,92.58,99.19,97.94,95.71,94.59,95.7,93.29,94.94,91.89,100.76,96.33,97.66
41,C5',65.77,67.51,76.08,67.08,67.41,66.24,67.12,69.85,64.49,68.3,65.51,71.2,69.47,67.46,63.27,66.74,68.22,73.94,69.61,65.42
41,C6,136.31,137.21,141.17,138.23,138.64,137.08,136.71,138.68,137.29,137.82,136.5,139.48,138.75,138.21,135.36,143.75,138.86,139.03,135.91,136.26
41,H1',6.03,7.27,5.93,6.38,5.96,5.92,5.9,6.2,5.8,6.34,5.73,6.4,6.08,6.48,5.37,5.32,6.13,6.23,6.01,5.89
41,H2',4.56,5.09,4.09,4.74,4.54,4.39,4.36,4.62,4.22,4.82,4.4,5.01,4.52,4.76,4.29,4.45,4.77,4.71,4.54,4.42
41,H3',4.53,4.82,4.4,5.04,4.77,4.62,4.69,4.46,4.29,4.84,4.45,5,4.79,5.12,4.16,4.66,4.74,4.37,4.8,4.5
41,H41,9.52,9.64,9.12,9.52,9.58,9.48,9.06,9.45,9.04,9.77,9.81,9.27,9.23,9.37,9.06,9.53,9.08,10.01,9.7,9.44
41,H42,5.01,5.94,5.25,5.43,5.24,5.12,6.42,5.27,5.25,4.94,5.42,5.21,4.81,4.91,5.14,4.85,4.53,5.23,7.9,5.07
41,H4',4.37,4.76,4.54,4.82,4.48,4.49,4.32,4.65,4.14,4.8,4.23,4.81,4.52,4.92,4.16,4.43,4.7,4.9,4.53,4.28
41,H5,5.16,5.74,5.94,6.52,5.96,5.08,6.37,6.28,5.13,5.55,6.2,5.62,5.25,6.05,5.04,5.12,5.08,6.21,6.04,5.28
41,H5',4.04,4.18,4.87,4.3,4.15,4.33,4.1,4.79,3.99,4.22,4.03,4.78,4.58,4.34,3.91,4.34,4.31,4.48,4.23,4.02
41,H5'',3.92,4.25,4.52,4.05,4.08,3.89,4.08,4.59,3.79,4.21,3.88,4.75,4.24,4.07,3.73,4.16,4.18,4.18,4.16,3.94
41,H6,7.93,7.81,7.85,8,7.97,7.88,7.74,8.55,7.92,8.05,8.41,8.32,8.09,7.84,7.97,8.06,7.96,7.58,7.82,7.83
41,HO2',2.95,3,2.81,3.01,2.88,2.84,2.76,2.83,2.89,2.84,2.7,2.87,2.91,2.95,2.65,2.72,2.86,2.8,2.85,2.81
41,N1,166.41,171.36,161.35,169.59,167.91,167.92,167.43,167.66,166.48,168.74,165.99,165.42,167.51,171.3,164.89,171.68,165.62,168.68,167.46,166.12
41,N3,211.31,210.31,211.47,217.93,212.8,217.48,219.83,215,218.77,213.99,214.36,204.65,216.57,215.92,209.18,216.78,206.59,215.58,224.11,211.85
41,N4,106.25,102.22,102.2,103.97,104.35,105.91,105.81,104.07,101.34,106.17,104.14,114.74,112.93,106.24,107.02,105.66,106.42,104.52,109.2,105
41,P,-17.85,-19.91,-22.68,-20.92,-17.73,-19.14,-19.23,-16.04,-16.87,-20.63,-19.93,-21.19,-18.18,-19.55,-17.83,-19.03,-18.45,-19.33,-17.49,-18.01
42,C1',96.58,100.23,97.02,99.54,97.71,97.71,97.48,98.45,94.67,99.23,97.09,96.99,98.15,99.97,94.81,98.39,98.93,99.64,98.78,95.83
42,C2,145.52,149.8,147.78,149.54,147.9,148.21,147.28,147.75,146.9,146.27,147.82,147.28,147.47,149.76,147.2,146.48,149.08,149.75,148.71,147
42,C2',75.89,77.06,76.3,77.52,76.64,76.31,75.99,77.66,74.4,77.1,76.33,76.78,77.12,77.82,75.02,76.05,78.1,77.63,77.22,74.96
42,C3',72.64,75.05,72.56,74.85,73.29,72.91,72.53,74.35,70.43,74.81,72.56,73.46,73.88,74.94,70.72,72.66,75.18,74.73,74.13,71.31
42,C4,158.43,160.4,159.91,160.46,160.27,160.58,161.27,160.5,158.39,159.75,160.07,158.14,161.48,160.44,158.18,162.74,160.44,160.28,161.45,159.39
42,C4',80.5,83.94,80.84,83.17,81.77,81.49,80.73,82.63,77.77,83.85,81.03,79.79,82.35,83.77,78.45,80.81,83.77,83.57,83.3,78.99
42,C5,101.73,103.17,102.24,104.35,103.94,103.26,103.86,104.58,102.04,103.36,103.54,106.04,104.41,105.21,102.6,104.61,104.35,103.98,104.42,103.19
42,C5',65.67,66.24,66.75,67.03,67.31,65.74,66.17,69.38,63.52,68.42,66.69,69.73,68.22,66.95,63.7,67.05,67.3,66.36,67.01,65.16
42,C6,138.18,140.1,139,139.4,138.62,138.52,139.57,141.47,138.05,139.36,138.22,139.36,140.56,138.78,137.03,142.85,140.49,139,138.54,138.51
42,H1',6.37,5.9,6.01,6.39,6.08,6.05,5.96,6.26,5.91,7.54,6.02,6.5,6.06,6.35,5.89,6.16,6.35,6.31,6.13,5.99
42,H2',5.17,5.09,4.87,5.19,4.92,4.91,4.81,5.15,4.64,5.26,4.87,5.39,4.96,5.19,4.65,5.04,5.22,5.17,5,4.8
42,H3,12.49,12.84,12.57,13.23,12.74,12.84,12.65,12.7,12.13,12.7,12.61,12.44,12.69,12.9,12.21,12.56,13.02,12.85,12.98,12.33
42,H3',4.7,5.04,4.69,5.06,4.8,4.78,4.64,4.96,4.43,5.04,4.67,5.03,4.78,5.07,4.38,4.84,4.99,5.05,4.83,4.56
42,H4',4.52,4.77,4.44,4.89,4.51,4.52,4.41,4.73,4.17,5.05,4.44,4.92,4.53,4.87,4.18,4.64,4.89,4.8,4.59,4.35
42,H5,4.99,5.26,5.32,5.23,5.23,5.18,5.16,5.52,5.04,5.29,5.24,5.63,5.31,5.28,5.04,5.33,5.34,5.29,5.17,5.19
42,H5',4.28,4.71,4.41,4.53,4.47,4.38,4.3,4.71,4.14,4.72,4.42,5.01,4.55,4.55,4.37,4.51,4.59,4.49,4.45,4.28
42,H5'',3.91,3.99,3.96,4.01,4.05,3.91,3.87,4.31,3.77,4.24,3.96,4.62,4.16,4.01,3.7,4.1,4.18,4.02,3.94,3.88
42,H6,8.3,8.65,8.47,8.52,8.45,8.38,8.42,8.66,8.22,8.6,8.4,8.78,8.54,8.53,8.29,8.61,8.67,8.45,8.45,8.36
42,HO2',3.35,2.64,2.84,2.84,2.85,2.79,2.89,2.85,2.84,3.18,2.85,2.84,2.82,2.87,2.93,2.84,3.18,3.04,2.86,2.84
42,N1,164.26,172.76,169.29,171.54,169.39,170.19,169.89,171.14,166.18,168.72,169.22,167.62,170.81,171.01,166,172.26,171.62,171.54,171.34,167.91
42,N3,177.56,184.34,180.09,183.68,179.77,181.16,181.27,180.73,177.21,180.55,179.98,178.14,180.67,184.5,177.76,182.57,181.68,184.34,182.4,179.06
42,P,-18.97,-19.2,-20.28,-20.21,-19.95,-19.82,-18.25,-21.58,-17.73,-20.19,-19.48,-22.39,-20.2,-20.13,-18.49,-20.38,-19.23,-19.91,-20.03,-18.92
43,C1',96.24,98.97,97.19,99.06,97.59,97.74,97.34,98.51,95.13,98.85,97.25,96.83,98,99.29,95.2,97.97,98.84,99.12,98.69,96.09
43,C2,145.15,144.64,145.33,144.78,145.13,145.11,145.16,145.35,145.6,144.98,145.36,144.7,145.29,144.73,145.69,144.95,145.34,144.99,145.07,145.38
43,C2',76.23,77.92,76.24,77.58,76.84,76.34,76.11,77.79,74.46,77.62,76.19,76.74,77.28,77.88,74.78,76.43,78.11,77.72,77.36,75.15
43,C3',72.87,75.21,73.19,75.29,73.8,73.32,72.88,75.18,71.01,75.6,73.25,73.84,74.21,75.14,71.2,73.2,75.19,75.26,74.56,71.97
43,C4,147.73,148.76,148.6,148.84,148.53,148.72,148.28,148.2,147.53,148.82,148.63,147.66,148.46,149.13,147.57,147.94,148.44,149,148.98,147.88
43,C4',80.18,83.42,80.24,82.91,81.53,81.13,80.47,82,77.46,83.28,80.32,79.78,82.1,83.42,77.65,80.57,83.03,82.72,82.38,78.2
43,C5,118.33,118.37,117.88,118.51,117.93,118.25,118.5,118.64,118.18,118.47,117.93,118.26,118.51,118.67,117.73,120.06,118.36,118.65,118.18,118.36
43,C5',65.49,66.48,66.91,66.46,66.81,65.6,65.79,69.77,63.84,67.86,66.74,69.97,68.2,66.42,64.12,66.61,67.93,66.61,66.94,64.95
43,C6,154.12,153.47,153.29,153.77,153.11,153.34,153.99,154.09,153.99,153.65,153.12,153.88,153.66,153.63,153.67,155.46,153.61,153.74,153.31,154
43,C8,130.36,129.38,128.25,129.03,128.3,127.99,128.35,129.99,129.04,129.26,128.07,130.05,128.61,128.79,128.94,128.98,130.23,129.31,128.08,128.67
43,H1,11.86,12.13,11.99,12.14,12.05,12.01,11.83,12.05,11.66,12.15,12,12.01,12.05,12.14,11.73,11.7,12.09,12.16,12.12,11.76
43,H1',5.93,6.45,6.04,6.45,6.14,6.11,6.03,6.37,5.85,6.46,6.03,6.54,6.11,6.41,5.84,6.29,6.28,6.42,6.17,6.01
43,H21,8.68,8.81,8.93,8.8,8.88,8.86,8.71,8.85,8.57,8.88,8.94,9,8.79,8.87,8.74,8.43,8.82,8.87,8.95,8.67
43,H22,4.38,4.5,4.83,4.48,4.8,4.79,4.64,4.66,4.71,4.44,4.84,4.91,4.74,4.45,4.8,4.52,4.63,4.54,4.71,4.68
43,H2',4.75,4.9,4.6,4.86,4.65,4.61,4.53,4.89,4.38,4.94,4.58,5.07,4.67,4.91,4.36,4.75,4.78,4.87,4.69,4.54
43,H3',4.64,4.97,4.54,4.92,4.66,4.64,4.54,4.85,4.28,4.9,4.55,4.92,4.68,4.91,4.29,4.74,4.85,4.89,4.69,4.44
43,H4',4.75,4.82,4.43,4.81,4.45,4.46,4.34,4.78,4.12,4.8,4.45,4.85,4.45,4.79,4.18,4.61,4.69,4.84,4.62,4.34
43,H5',4.54,4.53,4.46,4.53,4.48,4.39,4.33,4.8,4.16,4.85,4.44,5.04,4.57,4.54,4.19,4.55,4.58,4.53,4.47,4.33
43,H5'',3.95,4.04,4.02,4.02,4.04,3.9,3.9,4.38,3.76,4.31,3.99,4.61,4.15,4.03,3.76,4.13,4.13,4.01,3.96,3.89
43,H8,7.38,7.45,7.39,7.45,7.41,7.4,7.32,7.48,7.17,7.61,7.41,7.6,7.43,7.45,7.18,7.42,7.4,7.45,7.44,7.29
43,HO2',2.73,2.92,2.79,2.84,2.83,2.83,2.82,2.84,2.85,2.86,2.79,2.74,2.76,2.92,2.85,2.92,2.94,2.88,2.82,2.84
43,N1,156.1,155.75,155.53,155.95,155.71,155.86,156.61,156.45,156.43,156.13,155.48,155.65,156.6,155.77,155.87,158.14,156.24,156.09,155.65,156.19
43,N2,91.41,90.38,91.28,90.77,90.45,90.02,90.28,92.56,90.79,91.31,91.15,92.85,90.57,90.84,91,91.95,91.21,91.27,90.79,91.23
43,N3,180.1,178.4,180.27,179.16,179.99,180.39,178.71,177.96,179.34,180.73,180.39,177.6,179.73,180.51,179.89,175.48,178.72,179.23,179.95,178.85
43,N7,246.93,244.78,242.52,246.9,244.19,243.13,244.96,248.05,244.66,248.21,242.13,244.52,246.68,247.58,242.98,249.51,246.74,246.17,243.86,244.47
43,N9,181.9,182.93,180.91,183.04,181.12,180.44,180.71,183.88,181.3,183.26,180.58,182.12,181.55,183.16,181.74,180.73,184.44,183.36,181.39,180.72
43,P,-18.22,-17.69,-19.09,-18.9,-18.47,-18.23,-17.75,-20.54,-16.86,-19.4,-19.05,-22.12,-19.22,-19.45,-17.1,-18.7,-18.31,-18.9,-18.99,-18.54
44,C1',97.59,100.33,98.14,100.44,98.88,98.78,98.14,99.42,95.78,100,98.29,98.18,99.22,100.02,96.01,98.9,99.85,100.13,99.68,96.93
44,C2,151.33,153.16,150.44,152.99,150.94,151.23,151.15,150.95,150.31,152.07,150.39,149.14,150.68,153.17,149.96,151.62,151.99,152.96,151.57,150.46
44,C2',76.51,78.76,77.21,78.59,77.75,76.89,76.9,78.77,75.32,78.99,77.17,77.37,78.32,78.78,75.67,77.15,78.93,78.61,78.18,76.09
44,C3',72.42,75.1,72.9,74.99,73.39,72.75,72.77,74.73,70.48,75.24,73,73.12,73.91,74.92,70.82,73.01,75.25,74.96,74.2,71.5
44,C4,152.43,153.25,153.17,153.43,153.49,153.38,153.55,153.04,152.34,152.87,153.26,150.85,153.72,153.51,152.63,153.33,153.53,153.46,153.94,152.65
44,C4',79.98,83.41,80.69,83.27,81.41,81.28,80.65,82.47,77.65,83.25,80.87,80.16,82.4,83.54,77.88,80.71,83.33,83.29,82.95,78.65
44,C5,94.33,94.57,94.55,94.89,93.99,93.87,94.67,96.78,93.48,95.74,94.54,96.17,95.32,94.99,93.62,96.29,95.27,95.32,94.72,94.36
44,C5',64.86,66.04,66.41,66.11,66.83,65.45,65.59,69.24,63.42,67.59,66.39,69.14,67.88,66.13,63.87,66.48,67.35,66.35,66.51,64.8
44,C6,137.59,138.43,136.44,138.49,137.36,136.74,137.61,139.32,136.98,138.35,136.24,138.53,138.42,138.11,136.35,140.8,139.06,137.96,136.89,136.93
44,H1',6.09,6.35,5.92,6.32,5.97,5.97,5.89,6.26,5.77,6.34,5.89,6.41,5.98,6.4,5.73,6.14,6.2,6.34,6.05,5.88
44,H2',4.79,4.78,4.47,4.76,4.61,4.76,4.39,4.75,4.24,4.77,4.44,5.24,4.55,4.86,4.22,4.63,4.69,4.78,4.6,4.41
44,H3',4.31,4.76,4.38,4.78,4.48,4.44,4.32,4.67,4.11,4.75,4.4,4.65,4.53,4.75,4.11,4.53,4.7,4.73,4.55,4.25
44,H41,9.51,9.76,9.57,9.79,9.6,9.73,9.47,9.47,9.3,9.71,9.58,9.54,9.45,9.85,9.38,9.33,9.63,9.81,9.73,9.42
44,H42,4.68,4.94,5.18,4.94,5.23,4.77,4.96,5.09,5.12,5.03,5.2,5.01,5.1,4.94,5.2,4.79,5.04,4.88,5.03,5.08
44,H4',4.51,4.85,4.4,4.81,4.51,4.53,4.42,4.72,4.17,4.81,4.4,4.82,4.49,4.84,4.18,4.62,4.7,4.8,4.57,4.34
44,H5,4.62,4.76,4.65,4.74,4.72,4.57,4.6,4.89,4.53,4.8,4.64,5.05,4.73,4.77,4.41,4.79,4.78,4.73,4.66,4.6
44,H5',4.36,4.56,4.48,4.56,4.5,4.42,4.38,4.8,4.21,4.68,4.46,5.03,4.62,4.55,4.22,4.57,4.59,4.55,4.48,4.34
44,H5'',3.87,3.97,3.97,4.02,4,3.84,3.83,4.34,3.73,4.15,3.96,4.59,4.12,3.99,3.73,4.08,4.1,3.98,3.93,3.87
44,H6,7.72,7.83,7.84,7.85,7.85,7.7,7.76,8.04,7.75,7.91,7.83,8.18,7.9,7.85,7.75,7.93,7.86,7.82,7.79,7.79
44,HO2',2.97,2.91,2.84,3,2.88,2.95,2.82,2.86,2.85,2.85,2.82,2.91,2.85,2.93,2.88,2.8,3,2.93,2.84,2.83
44,N1,166.36,168.81,165.45,168.75,166.64,166.17,166.27,167.27,165.24,167.94,165.3,164.13,166.8,168.78,164.67,168.32,168.22,168.58,167.18,165.22
44,N3,207.45,213.07,213.77,213.44,214.6,212.77,215.44,211.22,212.18,211.01,214.16,205.92,214.68,213.68,211.72,217.23,211.86,212.93,215.48,213.76
44,N4,114.99,112.79,112.37,112.56,112.21,114.67,112.81,113.01,111.61,113.51,112.4,115.72,112.21,112.47,111.58,112.09,113.11,113.21,112.93,112.01
44,P,-18.39,-18.99,-19,-18.53,-18.33,-17.83,-18.53,-20.51,-17.2,-19.73,-19.1,-22.25,-19.17,-19,-16.27,-19.2,-18.78,-18.91,-19.08,-18.42
38,C1',,,,,,98.23,97.82,,94.79,99.68,,97.32,98.5,,94.75,,99.34,99.68,,
38,C2,,,,,,148.3,147.2,,146.5,149.18,,147.1,147.39,,146.91,,148.96,149.76,,
38,C2',,,,,,76.55,76.02,,74.47,78.02,,76.77,77.28,,74.82,,77.99,77.75,,
38,C3',,,,,,72.84,72.62,,70.28,74.7,,73.1,73.74,,70.58,,74.88,74.6,,
38,C4,,,,,,160.21,158.17,,158.07,159.73,,157.63,161.02,,157.76,,160.1,159.8,,
38,C4',,,,,,81.54,80.64,,77.64,83.36,,80.16,82.52,,77.78,,83.43,83.29,,
38,C5,,,,,,103.82,100.77,,104.04,104.93,,106.19,104.14,,103.03,,105.69,104.59,,
38,C5',,,,,,65.62,65.69,,63.41,67.64,,69.49,68.05,,63.85,,67.58,66.64,,
38,C6,,,,,,138.16,140.23,,138.02,140,,139.98,139.26,,137.45,,139.78,139.47,,
38,H1',,,,,,6.04,5.94,,5.86,6.33,,6.47,6,,5.84,,6.21,6.4,,
38,H2',,,,,,4.67,4.59,,4.44,4.97,,5.11,4.71,,4.41,,4.83,4.95,,
38,H3,,,,,,13.16,13.05,,12.77,13.39,,12.77,12.93,,12.81,,13.27,13.5,,
38,H3',,,,,,4.64,4.57,,4.3,4.94,,4.94,4.65,,4.28,,4.8,4.95,,
38,H4',,,,,,4.52,4.44,,4.16,4.79,,4.81,4.49,,4.16,,4.71,4.84,,
38,H5,,,,,,5.32,5.31,,4.99,5.53,,6.11,6.93,,5.07,,5.37,5.41,,
38,H5',,,,,,4.34,4.32,,4.12,4.6,,4.98,4.53,,4.13,,4.53,4.47,,
38,H5'',,,,,,3.86,3.86,,3.77,4.21,,4.66,4.14,,3.76,,4.08,4.03,,
38,H6,,,,,,8.37,8.39,,8.19,8.6,,8.84,8.57,,8.18,,8.49,8.51,,
38,HO2',,,,,,2.91,2.9,,2.89,2.98,,2.82,2.88,,2.85,,3,2.94,,
38,N1,,,,,,170.73,169.71,,166.65,172.29,,168.23,170.99,,167.03,,171.95,172.38,,
38,N3,,,,,,182.51,179.19,,176.96,182.98,,177.75,179.53,,176.87,,182.24,184.49,,
38,P,,,,,,-19.54,-19.01,,-17.76,-20.61,,-23.04,-20.63,,-17.81,,-19.29,-18.79,,