Resn,Resi,Nuc,Atom,Shift,SDev
G,17,13C,C1',91.110,0.034
G,17,13C,C2',74.965,0.019
G,17,13C,C3',75.003,0.024
G,17,13C,C4',83.598,0.020
G,17,13C,C5',67.436,0.036
G,17,13C,C8,139.054,0.022
G,17,1H,H1',5.819,0.002
G,17,1H,H2',4.945,0.002
G,17,1H,H3',4.726,0.003
G,17,1H,H4',4.565,0.002
G,17,1H,H5',4.283,0.002
G,17,1H,H5'',4.407,0.002
G,17,1H,H8,8.133,0.002
G,17,15N,N7,232.172,0.000
G,17,15N,N9,168.164,0.024
G,17,31P,P,-1.889,0.004
G,18,13C,C1',93.020,0.017
G,18,13C,C2',75.317,0.018
G,18,13C,C3',73.136,0.027
G,18,13C,C4',82.610,0.025
G,18,13C,C8,136.892,0.023
G,18,1H,H1,13.275,0.000
G,18,1H,H1',5.908,0.002
G,18,1H,H2',4.562,0.000
G,18,1H,H3',4.558,0.002
G,18,1H,H4',4.555,0.001
G,18,1H,H8,7.628,0.003
G,18,15N,N1,148.500,0.000
G,18,15N,N7,233.190,0.000
G,18,15N,N9,169.237,0.044
G,18,31P,P,-0.595,0.056
C,19,13C,C1',93.807,0.019
C,19,13C,C2',75.385,0.016
C,19,13C,C3',72.215,0.011
C,19,13C,C4',81.835,0.028
C,19,13C,C5,97.419,0.000
C,19,13C,C5',64.532,0.011
C,19,13C,C6,140.653,0.001
C,19,1H,H1',5.511,0.004
C,19,1H,H2',4.555,0.004
C,19,1H,H3',4.521,0.003
C,19,1H,H4',4.435,0.004
C,19,1H,H5,5.255,0.002
C,19,1H,H5',4.570,0.000
C,19,1H,H5'',4.106,0.002
C,19,1H,H6,7.657,0.002
C,19,15N,N1,150.521,0.008
C,19,31P,P,-1.215,0.033
A,20,13C,C1',92.944,0.013
A,20,13C,C2,152.435,0.011
A,20,13C,C2',75.784,0.031
A,20,13C,C3',73.065,0.023
A,20,13C,C4',81.947,0.024
A,20,13C,C5',65.441,0.039
A,20,13C,C8,139.339,0.003
A,20,1H,H1',5.939,0.002
A,20,1H,H2,6.999,0.000
A,20,1H,H2',4.687,0.010
A,20,1H,H3',4.655,0.007
A,20,1H,H4',4.487,0.004
A,20,1H,H5',4.530,0.001
A,20,1H,H5'',4.148,0.001
A,20,1H,H8,7.944,0.002
A,20,15N,N1,220.664,0.000
A,20,15N,N3,213.462,0.000
A,20,15N,N7,230.595,0.000
A,20,15N,N9,170.451,0.025
A,20,31P,P,-0.679,0.054
G,21,13C,C1',92.625,0.013
G,21,13C,C2',75.423,0.030
G,21,13C,C3',73.319,0.006
G,21,13C,C4',82.214,0.048
G,21,13C,C5',66.272,0.008
G,21,13C,C8,135.963,0.021
G,21,1H,H1,12.614,0.000
G,21,1H,H1',5.492,0.002
G,21,1H,H2',4.458,0.003
G,21,1H,H3',4.376,0.004
G,21,1H,H4',4.430,0.002
G,21,1H,H5',4.411,0.002
G,21,1H,H5'',4.034,0.001
G,21,1H,H8,7.054,0.001
G,21,15N,N1,147.240,0.000
G,21,15N,N7,234.231,0.000
G,21,15N,N9,168.650,0.024
G,21,31P,P,-0.811,0.058
A,22,13C,C1',92.441,0.018
A,22,13C,C2,154.308,0.005
A,22,13C,C2',76.076,0.050
A,22,13C,C3',73.983,0.017
A,22,13C,C4',83.239,0.008
A,22,13C,C5',65.748,0.007
A,22,13C,C8,139.572,0.008
A,22,1H,H1',5.880,0.001
A,22,1H,H2,7.561,0.063
A,22,1H,H2',4.379,0.003
A,22,1H,H3',4.431,0.002
A,22,1H,H4',4.433,0.002
A,22,1H,H5',4.427,0.000
A,22,1H,H5'',4.046,0.003
A,22,1H,H8,7.598,0.006
A,22,15N,N1,223.892,0.390
A,22,15N,N3,214.826,0.000
A,22,15N,N7,231.271,0.000
A,22,15N,N9,169.847,0.031
A,22,31P,P,-1.012,0.060
U,23,13C,C1',90.829,0.007
U,23,13C,C2',75.733,0.035
U,23,13C,C3',76.180,0.018
U,23,13C,C4',84.329,0.025
U,23,13C,C5,104.471,0.000
U,23,13C,C5',66.514,0.019
U,23,13C,C6,142.006,0.012
U,23,1H,H1',5.589,0.003
U,23,1H,H2',4.119,0.002
U,23,1H,H3',4.485,0.029
U,23,1H,H4',4.360,0.003
U,23,1H,H5,5.323,0.003
U,23,1H,H5',4.031,0.002
U,23,1H,H5'',4.248,0.001
U,23,1H,H6,7.417,0.002
U,23,15N,N1,143.626,0.005
U,23,31P,P,-1.222,0.055
C,24,13C,C1',92.183,0.012
C,24,13C,C2',75.904,0.021
C,24,13C,C3',75.703,0.028
C,24,13C,C4',83.907,0.016
C,24,13C,C5,98.575,0.000
C,24,13C,C5',67.024,0.012
C,24,13C,C6,143.334,0.005
C,24,1H,H1',5.788,0.003
C,24,1H,H2',4.332,0.003
C,24,1H,H3',4.492,0.002
C,24,1H,H4',4.357,0.005
C,24,1H,H5,5.874,0.003
C,24,1H,H5',4.085,0.001
C,24,1H,H5'',4.208,0.001
C,24,1H,H6,7.757,0.003
C,24,15N,N1,151.514,0.010
C,24,31P,P,-0.961,0.053
U,25,13C,C1',92.197,0.015
U,25,13C,C2',75.396,0.021
U,25,13C,C3',75.004,0.041
U,25,13C,C4',83.874,0.015
U,25,13C,C5,104.697,0.000
U,25,13C,C5',66.736,0.012
U,25,13C,C6,143.114,0.009
U,25,1H,H1',5.777,0.003
U,25,1H,H2',4.518,0.002
U,25,1H,H3',4.579,0.004
U,25,1H,H4',4.464,0.001
U,25,1H,H5,5.796,0.002
U,25,1H,H5',4.294,0.003
U,25,1H,H5'',4.138,0.003
U,25,1H,H6,7.845,0.006
U,25,15N,N1,145.334,0.013
U,25,31P,P,-0.962,0.041
G,26,13C,C1',92.127,0.036
G,26,13C,C2',75.442,0.039
G,26,13C,C3',74.187,0.045
G,26,13C,C4',82.808,0.017
G,26,13C,C5',66.654,0.026
G,26,13C,C8,137.523,0.019
G,26,1H,H1,12.436,0.000
G,26,1H,H1',5.803,0.005
G,26,1H,H2',4.788,0.001
G,26,1H,H3',4.679,0.002
G,26,1H,H4',4.530,0.004
G,26,1H,H5',4.423,0.000
G,26,1H,H5'',4.199,0.001
G,26,1H,H8,7.850,0.004
G,26,15N,N1,147.385,0.000
G,26,15N,N7,233.800,0.000
G,26,15N,N9,169.189,0.026
G,26,31P,P,-0.612,0.057
A,27,13C,C1',93.065,0.013
A,27,13C,C2,153.442,0.011
A,27,13C,C2',75.646,0.073
A,27,13C,C3',73.390,0.021
A,27,13C,C4',82.395,0.015
A,27,13C,C5',66.107,0.024
A,27,13C,C8,139.842,0.001
A,27,1H,H1',6.038,0.002
A,27,1H,H2,7.544,0.002
A,27,1H,H2',4.803,0.005
A,27,1H,H3',4.668,0.004
A,27,1H,H4',4.582,0.003
A,27,1H,H5',4.548,0.000
A,27,1H,H5'',4.246,0.000
A,27,1H,H8,7.873,0.002
A,27,15N,N1,221.481,0.000
A,27,15N,N3,212.349,0.000
A,27,15N,N7,229.270,0.000
A,27,15N,N9,170.132,0.029
A,27,31P,P,-0.695,0.059
G,28,13C,C1',92.872,0.029
G,28,13C,C2',75.303,0.025
G,28,13C,C3',72.944,0.020
G,28,13C,C4',82.048,0.022
G,28,13C,C5',65.865,0.011
G,28,13C,C8,135.701,0.021
G,28,1H,H1,13.515,0.000
G,28,1H,H1',5.682,0.002
G,28,1H,H2',4.494,0.002
G,28,1H,H3',4.408,0.004
G,28,1H,H4',4.496,0.003
G,28,1H,H5',4.482,0.004
G,28,1H,H5'',4.091,0.003
G,28,1H,H8,7.235,0.002
G,28,15N,N1,148.533,0.000
G,28,15N,N7,233.862,0.000
G,28,15N,N9,169.048,0.019
G,28,31P,P,-0.917,0.058
C,29,13C,C1',94.451,0.024
C,29,13C,C2',75.470,0.025
C,29,13C,C3',72.117,0.024
C,29,13C,C4',82.057,0.020
C,29,13C,C5,97.185,0.000
C,29,13C,C5',64.358,0.012
C,29,13C,C6,140.884,0.003
C,29,1H,H1',5.500,0.002
C,29,1H,H2',4.251,0.005
C,29,1H,H3',4.417,0.002
C,29,1H,H4',4.382,0.003
C,29,1H,H5,5.150,0.002
C,29,1H,H5',4.564,0.000
C,29,1H,H5'',4.057,0.001
C,29,1H,H6,7.531,0.002
C,29,15N,N1,151.125,0.007
C,29,31P,P,-1.398,0.055
C,30,13C,C1',91.879,0.022
C,30,13C,C2',75.377,0.000
C,30,13C,C3',75.879,0.025
C,30,13C,C4',83.868,0.024
C,30,13C,C5,98.766,0.000
C,30,13C,C5',65.867,0.014
C,30,13C,C6,141.933,0.001
C,30,1H,H1',5.887,0.003
C,30,1H,H2',4.483,0.102
C,30,1H,H3',4.401,0.068
C,30,1H,H4',4.370,0.005
C,30,1H,H5,5.546,0.002
C,30,1H,H5',4.449,0.001
C,30,1H,H5'',4.058,0.002
C,30,1H,H6,7.655,0.003
C,30,15N,N1,149.709,0.016
C,30,31P,P,-1.277,0.047
U,31,13C,C1',90.985,0.023
U,31,13C,C2',75.580,0.022
U,31,13C,C3',76.442,0.025
U,31,13C,C4',84.819,0.012
U,31,13C,C5,105.197,0.000
U,31,13C,C5',67.304,0.017
U,31,13C,C6,143.380,0.002
U,31,1H,H1',5.729,0.002
U,31,1H,H2',4.281,0.008
U,31,1H,H3',4.511,0.003
U,31,1H,H4',4.257,0.001
U,31,1H,H5,5.788,0.004
U,31,1H,H5',3.977,0.002
U,31,1H,H6,7.753,0.003
U,31,15N,N1,144.161,0.006
U,31,31P,P,-0.864,0.050
G,32,13C,C1',89.535,0.014
G,32,13C,C2',75.323,0.021
G,32,13C,C3',77.803,0.020
G,32,13C,C4',85.181,0.012
G,32,13C,C5',67.794,0.008
G,32,13C,C8,140.596,0.006
G,32,1H,H1',5.495,0.003
G,32,1H,H2',4.635,0.005
G,32,1H,H3',4.625,0.005
G,32,1H,H4',4.123,0.001
G,32,1H,H5',4.002,0.000
G,32,1H,H8,7.802,0.002
G,32,15N,N7,235.819,0.000
G,32,15N,N9,167.121,0.008
G,32,31P,P,-0.608,0.060
G,33,13C,C1',89.889,0.010
G,33,13C,C2',75.768,0.058
G,33,13C,C3',77.286,0.043
G,33,13C,C4',84.738,0.018
G,33,13C,C5',67.814,0.009
G,33,13C,C8,139.519,0.011
G,33,1H,H1',5.515,0.002
G,33,1H,H2',4.521,0.001
G,33,1H,H3',4.663,0.001
G,33,1H,H4',4.004,0.002
G,33,1H,H5',3.896,0.006
G,33,1H,H8,7.650,0.002
G,33,15N,N7,235.620,0.000
G,33,15N,N9,168.901,0.020
G,33,31P,P,-0.657,0.060
G,34,13C,C1',89.374,0.015
G,34,13C,C2',75.679,0.029
G,34,13C,C3',76.405,0.039
G,34,13C,C4',84.546,0.029
G,34,13C,C5',67.577,0.016
G,34,13C,C8,138.930,0.014
G,34,1H,H1',5.941,0.001
G,34,1H,H2',4.960,0.007
G,34,1H,H3',5.001,0.011
G,34,1H,H4',4.500,0.002
G,34,1H,H5',4.125,0.002
G,34,1H,H5'',4.222,0.002
G,34,1H,H8,7.902,0.002
G,34,15N,N7,236.526,0.000
G,34,15N,N9,169.149,0.038
G,34,31P,P,-0.743,0.059
A,35,13C,C1',90.735,0.033
A,35,13C,C2',76.205,0.030
A,35,13C,C3',75.857,0.024
A,35,13C,C4',85.084,0.018
A,35,13C,C5',68.255,0.012
A,35,13C,C8,142.601,0.019
A,35,1H,H1',6.050,0.003
A,35,1H,H2,8.232,0.001
A,35,1H,H2',4.869,0.004
A,35,1H,H3',4.918,0.003
A,35,1H,H4',4.625,0.001
A,35,1H,H5',4.357,0.001
A,35,1H,H8,8.424,0.002
A,35,15N,N1,218.361,0.000
A,35,15N,N3,218.361,0.000
A,35,15N,N7,232.264,0.000
A,35,15N,N9,169.234,0.030
A,35,31P,P,-0.414,0.058
G,36,13C,C1',93.398,0.016
G,36,13C,C2',74.935,0.003
G,36,13C,C3',73.417,0.005
G,36,13C,C4',82.904,0.021
G,36,13C,C5',66.350,0.012
G,36,13C,C8,136.810,0.018
G,36,1H,H1,13.240,0.000
G,36,1H,H1',5.503,0.003
G,36,1H,H2',4.558,0.003
G,36,1H,H3',4.472,0.002
G,36,1H,H4',4.520,0.003
G,36,1H,H5',4.475,0.001
G,36,1H,H5'',4.183,0.001
G,36,1H,H8,7.417,0.004
G,36,15N,N1,148.579,0.000
G,36,15N,N7,233.317,0.000
G,36,15N,N9,169.050,0.015
G,36,31P,P,-0.569,0.394
C,37,13C,C1',94.070,0.033
C,37,13C,C2',75.469,0.017
C,37,13C,C3',72.050,0.017
C,37,13C,C4',81.943,0.023
C,37,13C,C5,96.808,0.000
C,37,13C,C5',64.357,0.014
C,37,13C,C6,141.464,0.001
C,37,1H,H1',5.572,0.007
C,37,1H,H2',4.381,0.005
C,37,1H,H3',4.500,0.008
C,37,1H,H4',4.447,0.001
C,37,1H,H5,5.255,0.001
C,37,1H,H5',4.582,0.004
C,37,1H,H5'',4.090,0.000
C,37,1H,H6,7.789,0.004
C,37,15N,N1,151.445,0.007
C,37,31P,P,-1.640,0.055
U,38,13C,C1',93.770,0.019
U,38,13C,C2',75.392,0.052
U,38,13C,C3',72.300,0.029
U,38,13C,C4',82.052,0.037
U,38,13C,C5,103.339,0.000
U,38,13C,C5',64.480,0.040
U,38,13C,C6,142.062,0.003
U,38,1H,H1',5.603,0.005
U,38,1H,H2',4.550,0.004
U,38,1H,H3,14.010,0.000
U,38,1H,H3',4.529,0.004
U,38,1H,H4',4.439,0.003
U,38,1H,H5,5.433,0.004
U,38,1H,H5',4.573,0.001
U,38,1H,H5'',4.108,0.001
U,38,1H,H6,7.897,0.005
U,38,15N,N1,146.683,0.021
U,38,15N,N3,162.438,0.000
U,38,31P,P,-1.198,0.056
C,39,13C,C1',93.927,0.027
C,39,13C,C2',75.806,0.035
C,39,13C,C3',73.080,0.021
C,39,13C,C4',82.365,0.021
C,39,13C,C5,97.966,0.000
C,39,13C,C5',65.598,0.016
C,39,13C,C6,141.538,0.000
C,39,1H,H1',5.625,0.002
C,39,1H,H2',4.376,0.004
C,39,1H,H3',4.349,0.006
C,39,1H,H4',4.473,0.006
C,39,1H,H5,5.666,0.000
C,39,1H,H5',4.500,0.002
C,39,1H,H5'',4.121,0.000
C,39,1H,H6,7.743,0.003
C,39,15N,N1,151.320,0.007
C,39,31P,P,-1.050,0.052
U,40,13C,C1',93.123,0.019
U,40,13C,C2',75.668,0.014
U,40,13C,C3',73.363,0.032
U,40,13C,C4',83.295,0.022
U,40,13C,C5,104.433,0.000
U,40,13C,C5',65.175,0.015
U,40,13C,C6,141.880,0.004
U,40,1H,H1',5.669,0.003
U,40,1H,H2',4.333,0.002
U,40,1H,H3',4.561,0.003
U,40,1H,H4',4.410,0.004
U,40,1H,H5,5.640,0.004
U,40,1H,H5',4.472,0.001
U,40,1H,H5'',4.133,0.001
U,40,1H,H6,7.832,0.006
U,40,15N,N1,146.048,0.009
U,40,31P,P,-1.258,0.051
C,41,13C,C1',94.103,0.030
C,41,13C,C2',75.356,0.032
C,41,13C,C3',72.903,0.010
C,41,13C,C4',82.362,0.058
C,41,13C,C5,98.201,0.000
C,41,13C,C5',65.407,0.014
C,41,13C,C6,142.340,0.000
C,41,1H,H1',5.493,0.002
C,41,1H,H2',4.377,0.002
C,41,1H,H3',4.471,0.003
C,41,1H,H4',4.451,0.002
C,41,1H,H5,5.897,0.001
C,41,1H,H5',4.433,0.000
C,41,1H,H5'',4.139,0.002
C,41,1H,H6,7.976,0.002
C,41,15N,N1,151.171,0.003
C,41,31P,P,-1.071,0.050
U,42,13C,C1',93.604,0.050
U,42,13C,C2',75.133,0.009
U,42,13C,C3',72.595,0.023
U,42,13C,C4',82.155,0.043
U,42,13C,C5,103.700,0.000
U,42,13C,C5',64.835,0.006
U,42,13C,C6,141.944,0.005
U,42,1H,H1',5.489,0.004
U,42,1H,H2',4.598,0.010
U,42,1H,H3,13.326,0.000
U,42,1H,H3',4.607,0.003
U,42,1H,H4',4.444,0.003
U,42,1H,H5,5.443,0.002
U,42,1H,H5',4.558,0.002
U,42,1H,H5'',4.127,0.000
U,42,1H,H6,7.874,0.003
U,42,15N,N1,145.716,0.010
U,42,15N,N3,162.169,0.000
U,42,31P,P,-1.289,0.050
G,43,13C,C1',92.765,0.023
G,43,13C,C2',75.355,0.011
G,43,13C,C3',72.741,0.019
G,43,13C,C4',81.997,0.022
G,43,13C,C5',65.303,0.069
G,43,13C,C8,136.389,0.015
G,43,1H,H1,12.510,0.000
G,43,1H,H1',5.793,0.001
G,43,1H,H2',4.488,0.003
G,43,1H,H3',4.608,0.003
G,43,1H,H4',4.482,0.004
G,43,1H,H5',4.536,0.003
G,43,1H,H5'',4.143,0.000
G,43,1H,H8,7.776,0.006
G,43,15N,N1,147.762,0.000
G,43,15N,N7,234.050,0.000
G,43,15N,N9,169.479,0.018
G,43,31P,P,-0.986,0.053
C,44,13C,C1',94.100,0.036
C,44,13C,C2',75.559,0.024
C,44,13C,C3',71.981,0.018
C,44,13C,C4',81.912,0.013
C,44,13C,C5,96.905,0.000
C,44,13C,C5',64.358,0.006
C,44,13C,C6,141.000,0.023
C,44,1H,H1',5.469,0.003
C,44,1H,H2',4.217,0.002
C,44,1H,H3',4.433,0.003
C,44,1H,H4',4.380,0.003
C,44,1H,H5,5.204,0.003
C,44,1H,H5',4.562,0.002
C,44,1H,H5'',4.057,0.002
C,44,1H,H6,7.664,0.003
C,44,15N,N1,151.136,0.020
C,44,31P,P,-1.429,0.033
C,45,13C,C1',92.926,0.017
C,45,13C,C2',77.548,0.011
C,45,13C,C3',69.655,0.014
C,45,13C,C4',83.387,0.013
C,45,13C,C5,98.174,0.000
C,45,13C,C5',65.085,0.026
C,45,13C,C6,141.719,0.006
C,45,1H,H1',5.747,0.001
C,45,1H,H2',3.996,0.004
C,45,1H,H3',4.161,0.006
C,45,1H,H4',4.151,0.001
C,45,1H,H5,5.505,0.004
C,45,1H,H5',4.466,0.003
C,45,1H,H5'',4.016,0.002
C,45,1H,H6,7.650,0.007
C,45,15N,N1,152.433,0.010
C,45,31P,P,-1.135,0.044
