res,atom,shift_1,shift_2,shift_3,shift_4,shift_5
29,C1',97.951,103.389,98.837,101.065,102.398
29,C2,152.466,154.664,151.655,152.102,153.719
29,C2',77.545,80.367,77.364,79.895,79.659
29,C3',73.765,78.316,73.747,76.213,76.89
29,C4,155.525,154.57,153.358,154.861,154.658
29,C4',80.436,86.241,81.087,84.06,85.911
29,C5,97.402,96.409,97.414,97.412,96.627
29,C5',65.911,67.323,65.677,69.662,68.083
29,C6,140.823,138.369,138.684,138.993,138.59
29,H1',5.479,6.505,5.934,5.977,6.204
29,H2',3.914,4.872,4.602,4.627,4.995
29,H3',3.807,5.029,4.401,4.525,4.543
29,H41,8.729,10.094,9.35,9.363,9.798
29,H42,4.859,4.846,5.009,5.107,4.752
29,H4',3.861,4.96,4.31,4.517,4.717
29,H5,4.429,4.854,4.706,4.801,4.663
29,H5',3.893,4.469,4.263,4.534,4.394
29,H5'',3.546,3.929,3.873,4.086,3.877
29,H6,7.337,7.629,7.493,7.656,7.508
29,HO2',3.21,3.017,2.998,2.984,3.016
29,N1,170.384,171.646,167.407,169.499,171.292
29,N3,213.521,215.57,215.117,218.267,214.21
29,N4,113.553,114.636,112.569,113.737,115.2
29,P,-15.37,-19.59,-20.153,-19.294,-18.447
30,C1',96.185,100.875,96.863,100.019,98.862
30,C2,150.433,155.588,151.794,150.346,151.329
30,C2',78.19,82.058,78.358,80.628,80.176
30,C3',74.036,77.318,74.141,84.303,77.394
30,C4,153.865,152.574,152.826,153.188,154.057
30,C4',80.315,86.851,82.305,80.915,84.846
30,C5,96.541,94.84,96.887,96.156,92.721
30,C5',65.309,67.312,65.953,70.632,67.186
30,C6,144.988,138.911,139.15,141.3,140.832
30,H1',5.679,6.938,6.249,6.21,6.664
30,H2',4.171,5.008,4.56,4.695,4.706
30,H3',4.003,5.054,4.442,4.408,4.816
30,H41,4.494,5.217,4.923,5.254,5.183
30,H42,4.43,4.742,4.707,4.926,5.079
30,H4',3.961,5.084,4.334,4.665,4.856
30,H5,4.77,5.386,5.168,5.24,5.248
30,H5',3.7,4.436,4.238,4.555,4.328
30,H5'',3.473,3.975,3.935,4.341,3.9
30,H6,7.997,8.165,8.239,8.098,7.943
30,HO2',3.072,2.975,3.1,2.955,3.122
30,N1,177.125,175.186,169.328,172.551,176.997
30,N3,208.931,221.807,224.716,221.785,221.928
30,N4,97.401,105.947,103.308,101.048,96.11
30,P,-18.705,-20.891,-19.174,-21.058,-19.561
31,C1',96.828,102.947,98.038,101.491,100.429
31,C2,146.323,152.649,147.251,146.477,150.618
31,C2',76.978,80.622,76.594,80.491,80.454
31,C3',71.974,74.932,72.381,87.037,78.197
31,C4,158.611,160.103,157.498,161.152,158.181
31,C4',81.528,86.423,81.411,81.564,84.246
31,C5,107.635,103.723,105.889,107.346,108.599
31,C5',65.859,67.53,66.862,72.668,67.943
31,C6,140.228,139.402,139.99,142.428,138.233
31,H1',6.178,7.226,6.776,6.249,6.202
31,H2',4.568,5.439,5.15,5.366,4.838
31,H3,6.978,8.103,7.088,7.475,7.086
31,H3',3.659,4.899,4.441,3.854,4.548
31,H4',4.045,5.18,4.575,4.661,4.819
31,H5,5.195,5.608,5.486,5.54,5.0
31,H5',3.726,4.302,4.13,4.623,4.124
31,H5'',3.58,4.011,4.024,4.485,3.967
31,H6,8.151,8.455,8.487,8.937,7.46
31,HO2',8.112,9.116,9.11,6.092,4.002
31,N1,173.011,181.956,176.003,175.82,174.977
31,N3,170.411,180.938,173.963,176.204,177.111
31,P,-17.289,-20.48,-18.385,-15.651,-21.462
32,C1',95.902,99.609,96.531,98.667,100.491
32,C2,145.633,144.105,145.714,145.905,148.092
32,C2',77.257,77.849,78.128,79.884,84.573
32,C3',73.148,82.653,74.65,75.153,88.673
32,C4,145.327,151.971,146.723,148.3,149.022
32,C4',81.301,93.893,80.888,82.015,92.286
32,C5,119.567,120.191,119.19,120.309,118.408
32,C5',66.26,72.17,69.095,67.409,70.601
32,C6,152.534,152.3,151.809,153.764,153.66
32,C8,136.936,135.486,133.774,132.779,135.912
32,H1,6.444,7.178,6.765,8.536,7.26
32,H1',5.461,6.503,5.946,6.102,6.734
32,H21,4.447,4.873,4.967,4.688,5.011
32,H22,4.871,4.834,5.367,4.935,5.257
32,H2',4.531,5.728,4.461,4.319,4.852
32,H3',3.974,4.837,4.867,4.584,4.914
32,H4',3.834,5.119,4.485,4.359,5.44
32,H5',3.902,4.654,4.319,4.352,4.248
32,H5'',3.391,4.378,3.83,3.918,4.126
32,H8,7.609,7.876,7.45,7.754,8.472
32,HO2',3.126,4.066,2.97,2.56,2.404
32,N1,155.207,151.686,156.738,163.436,158.371
32,N2,83.292,79.03,81.639,84.13,79.852
32,N3,176.842,185.216,178.73,175.918,179.616
32,N7,253.039,244.84,244.954,245.423,255.111
32,N9,188.536,187.16,182.955,187.859,188.94
32,P,-11.569,-15.432,-14.918,-16.934,-20.268
33,C1',93.605,102.082,97.009,94.006,100.7
33,C2,147.27,145.947,145.833,146.916,147.049
33,C2',76.721,81.556,78.801,76.964,83.099
33,C3',73.566,87.901,78.745,82.425,77.721
33,C4,144.487,148.302,144.938,150.573,149.881
33,C4',80.614,83.823,79.565,90.165,83.465
33,C5,120.119,118.568,120.55,120.049,119.796
33,C5',65.81,69.506,70.078,76.593,66.384
33,C6,153.653,151.482,151.79,153.825,153.341
33,C8,133.872,133.199,132.608,133.84,133.647
33,H1,6.95,7.275,6.806,7.377,7.256
33,H1',5.234,6.35,5.649,6.15,6.447
33,H21,4.758,5.002,5.039,5.256,5.051
33,H22,4.777,5.22,5.188,5.57,5.343
33,H2',3.672,5.241,4.76,5.1,5.48
33,H3',4.055,5.016,4.195,4.858,4.806
33,H4',3.83,5.213,4.361,4.618,4.86
33,H5',3.631,4.965,4.236,3.941,4.671
33,H5'',3.469,4.502,4.303,4.345,4.188
33,H8,7.193,8.215,8.078,7.465,7.765
33,HO2',3.26,3.136,3.204,5.397,2.746
33,N1,160.636,156.807,162.268,155.422,155.987
33,N2,78.499,81.753,78.675,82.017,78.424
33,N3,174.768,180.099,180.348,177.507,178.024
33,N7,254.181,240.431,239.01,254.783,245.748
33,N9,187.889,184.22,178.041,186.514,192.414
33,P,-16.37,-19.498,-19.199,-25.24,-18.767
34,C1',97.174,96.352,94.686,102.103,100.848
34,C2,144.371,141.131,143.549,143.992,144.036
34,C2',65.212,72.941,67.458,83.117,84.19
34,C3',75.833,87.201,83.97,78.614,81.94
34,C4,146.168,153.883,148.128,150.042,150.143
34,C4',84.291,90.41,84.374,84.827,86.952
34,C5,116.101,117.647,116.964,116.236,120.28
34,C5',69.222,73.914,70.771,73.533,72.447
34,C6,152.045,151.466,150.868,152.073,153.723
34,C8,137.363,129.845,133.784,136.068,136.704
34,H1,8.945,7.08,8.778,9.33,8.899
34,H1',4.364,6.064,5.411,6.478,6.356
34,H21,7.029,4.866,6.926,5.485,4.369
34,H22,8.136,8.615,9.842,5.116,5.712
34,H2',4.231,6.748,5.274,5.239,5.075
34,H3',3.363,4.887,4.593,4.772,5.775
34,H4',3.847,4.905,4.454,4.524,4.924
34,H5',3.514,4.126,3.832,4.232,4.016
34,H5'',3.59,4.392,3.888,5.391,5.735
34,H8,6.89,7.417,7.354,7.789,7.778
34,HO2',3.349,1.477,4.988,3.086,3.279
34,N1,155.709,152.04,154.802,153.763,153.519
34,N2,100.014,97.571,92.371,94.935,84.616
34,N3,176.028,189.808,181.558,179.141,181.992
34,N7,259.993,248.633,254.177,248.642,245.815
34,N9,184.056,175.163,174.548,181.811,193.624
34,P,-20.384,-13.82,-22.736,-18.39,-16.935
35,C1',93.527,100.994,92.931,99.105,99.968
35,C2,152.779,151.03,152.063,152.641,151.525
35,C2',76.174,80.342,77.179,80.345,79.895
35,C3',81.702,83.511,78.626,82.465,80.507
35,C4,143.001,148.47,144.592,145.713,146.464
35,C4',67.834,85.158,75.698,81.673,85.878
35,C5,114.253,116.563,115.795,118.128,117.311
35,C5',63.464,77.191,73.03,74.857,76.547
35,C6,148.971,148.925,148.117,148.132,148.412
35,C8,140.296,136.833,135.046,131.613,132.954
35,H1',5.421,6.615,6.062,5.164,5.353
35,H2,7.851,8.55,8.236,8.35,8.144
35,H2',3.958,5.189,4.592,5.585,4.859
35,H3',3.932,5.133,4.342,4.029,4.013
35,H4',3.847,5.261,4.442,5.108,6.413
35,H5',4.334,4.549,4.37,4.711,4.685
35,H5'',3.952,5.263,4.749,4.439,4.654
35,H61,11.108,10.146,10.397,10.559,11.04
35,H62,5.374,5.682,5.412,5.352,5.327
35,H8,7.229,8.428,8.107,7.472,7.712
35,HO2',3.207,3.143,3.104,2.823,2.763
35,N1,254.097,234.663,237.732,248.971,252.914
35,N3,233.732,237.088,233.282,235.046,238.087
35,N6,102.809,107.728,101.71,108.414,105.841
35,N7,243.426,238.34,241.502,236.913,243.292
35,N9,188.202,185.479,181.121,187.548,191.025
35,P,-15.257,-17.209,-15.771,-18.491,-9.976
36,C1',96.435,101.022,97.151,100.018,100.914
36,C2,148.962,146.813,147.422,148.137,148.889
36,C2',76.323,79.46,76.435,78.555,80.324
36,C3',73.453,77.462,73.469,75.963,82.326
36,C4,148.0,151.21,149.167,150.76,151.574
36,C4',80.7,86.351,80.663,83.994,85.294
36,C5,118.367,118.174,118.492,118.538,119.664
36,C5',66.029,67.139,65.926,70.069,75.544
36,C6,156.576,154.953,155.943,155.503,155.543
36,C8,131.963,128.674,128.843,129.864,129.638
36,H1,12.415,13.388,12.751,12.511,12.762
36,H1',5.14,6.12,5.636,5.972,6.244
36,H21,8.849,9.765,9.343,9.1,9.354
36,H22,4.615,5.075,5.097,4.989,5.002
36,H2',3.86,4.78,4.391,4.631,4.769
36,H3',4.053,5.165,4.547,4.758,4.456
36,H4',3.737,4.876,4.271,4.576,4.933
36,H5',3.761,4.359,4.094,4.323,4.361
36,H5'',3.483,3.913,3.859,4.091,4.469
36,H8,6.207,6.834,6.452,6.609,6.535
36,HO2',3.102,3.038,2.888,3.013,3.158
36,N1,159.551,157.164,157.816,160.048,160.389
36,N2,92.658,89.699,90.394,92.445,92.769
36,N3,176.622,182.25,180.283,182.612,180.909
36,N7,255.067,244.174,247.552,245.78,247.782
36,N9,186.888,183.454,181.807,183.187,185.217
36,P,-15.664,-19.29,-18.512,-19.343,-17.082
