res,atom,shift_1,shift_2,shift_3,shift_4,shift_5,shift_6,shift_7,shift_8,shift_9,shift_10,shift_11,shift_12,shift_13,shift_14,shift_15,shift_16,shift_17,shift_18,shift_19,shift_20
18,C1',99.806,96.745,100.462,100.803,97.851,101.107,99.939,97.562,98.244,100.878,100.712,99.886,101.009,96.901,101.875,97.951,97.366,99.562,101.275,99.246
18,C2,147.043,147.661,147.108,146.841,147.702,147.416,147.317,147.869,147.598,146.942,146.969,147.77,146.908,147.884,146.627,147.537,148.252,147.369,147.827,147.287
18,C2',78.944,76.633,79.167,79.816,77.309,80.72,79.508,77.295,77.742,79.558,79.602,80.105,79.535,76.83,79.91,78.057,77.438,79.083,81.446,78.249
18,C3',74.985,72.765,76.063,76.771,73.759,77.313,76.141,77.855,74.075,76.709,76.679,76.626,76.578,73.039,77.245,74.276,73.645,75.765,78.24,74.926
18,C4,150.159,149.016,150.493,150.494,149.767,150.328,149.87,149.943,149.973,150.656,150.336,150.05,150.55,149.237,151.111,149.967,149.123,149.918,150.281,150.231
18,C4',83.542,79.637,84.186,84.478,80.9,85.54,83.621,78.761,81.497,84.332,84.259,84.409,84.116,79.924,85.615,81.835,81.071,83.093,86.132,82.682
18,C5,120.112,119.698,120.404,120.459,119.539,120.375,120.325,119.512,118.834,120.445,120.406,118.793,120.407,119.286,121.236,118.603,119.535,120.043,119.483,120.011
18,C5',67.916,65.226,67.532,67.666,66.516,71.814,69.092,71.025,66.574,67.813,67.853,71.222,67.731,65.573,67.823,68.072,66.338,68.731,74.127,67.097
18,C6,154.614,155.113,154.917,154.824,154.275,155.006,154.974,154.331,153.49,154.768,154.822,153.413,154.848,154.493,155.129,153.301,154.892,154.86,154.231,154.588
18,C8,131.198,132.541,132.274,132.697,131.333,133.636,133.587,130.195,131.229,132.373,132.99,132.65,132.619,131.891,131.369,131.624,132.977,132.839,134.206,131.577
18,H1,12.617,12.265,12.664,12.746,12.485,12.717,12.636,12.581,12.667,12.764,12.761,12.739,12.759,12.416,12.811,12.683,12.317,12.632,12.837,12.562
18,H1',6.198,5.819,6.288,6.486,5.859,6.368,6.308,5.805,6.067,6.452,6.468,6.085,6.476,5.846,6.434,6.101,5.687,6.305,6.348,6.086
18,H21,9.188,8.841,9.097,9.165,9.073,9.164,9.116,9.146,9.346,9.176,9.135,9.362,9.138,9.013,9.171,9.413,8.813,9.175,9.417,9.08
18,H22,5.029,4.919,4.836,4.637,4.998,4.906,4.753,5.097,5.204,4.679,4.678,5.119,4.704,4.949,4.732,5.352,4.779,4.84,4.977,4.882
18,H2',4.869,4.43,4.859,5.033,4.532,5.024,4.892,4.613,4.696,5.01,4.989,4.788,5.013,4.477,4.994,4.789,4.303,4.921,5.074,4.733
18,H3',4.759,4.25,4.829,4.951,4.428,4.948,4.817,3.893,4.572,4.953,4.948,4.697,4.954,4.285,4.968,4.623,4.185,4.787,4.945,4.597
18,H4',4.513,4.134,4.665,4.861,4.285,4.807,4.676,4.241,4.382,4.823,4.85,4.556,4.869,4.177,4.854,4.44,4.047,4.684,4.815,4.448
18,H5',4.495,3.975,4.359,4.368,4.14,4.623,4.422,4.135,4.337,4.349,4.332,4.57,4.305,4.014,4.366,4.33,3.922,4.427,4.871,4.178
18,H5'',4.137,3.669,3.964,3.964,3.762,4.313,4.07,3.942,3.954,3.981,3.979,4.182,4.009,3.682,3.91,4.065,3.597,4.086,4.579,3.855
18,H8,7.143,6.787,7.102,7.161,6.975,7.264,7.085,6.717,7.127,7.162,7.185,7.181,7.172,6.874,7.239,7.168,6.741,7.122,7.289,7.086
18,HO2',3.02,3.054,3.089,3.129,3.06,3.103,3.105,3.103,2.996,3.122,3.144,3.015,3.128,3.057,3.033,2.96,3.143,3.081,3.097,3.029
18,N1,159.306,159.747,159.841,159.628,158.864,160.018,159.789,159.345,157.92,159.311,159.384,158.287,159.495,159.021,159.946,157.91,159.707,159.558,159.422,159.206
18,N2,90.071,89.847,89.848,90.785,89.919,90.929,91.322,89.999,90.598,90.71,90.754,90.439,90.212,90.55,89.673,89.628,89.985,91.408,92.51,89.406
18,N3,184.716,183.308,184.615,184.227,185.665,183.608,183.507,187.093,187.044,184.749,184.125,185.898,184.276,185.057,184.501,186.887,184.516,184.283,184.847,185.771
18,N7,246.877,246.704,248.56,248.426,244.194,249.973,248.654,243.873,239.546,247.976,247.794,245.204,248.348,243.766,249.958,238.703,248.219,247.435,249.203,246.296
18,N9,181.661,183.008,184.153,185.147,181.972,185.808,185.449,181.319,181.147,184.835,184.805,185.123,184.866,182.463,183.421,181.497,184.931,184.567,187.458,182.636
18,P,-20.157,-17.899,-19.678,-19.367,-18.769,-20.216,-19.838,-18.742,-19.672,-20.037,-19.343,-19.998,-19.538,-18.082,-19.285,-20.475,-15.994,-20.173,-22.132,-18.45
19,C1',100.962,98.162,101.629,102.073,99.315,102.264,101.176,98.593,99.265,102.067,102.01,101.319,102.233,98.095,103.225,99.564,98.397,100.643,102.097,100.669
19,C2,152.154,151.886,153.833,154.445,151.813,152.986,153.142,151.878,151.574,154.246,154.363,151.241,154.446,151.714,154.777,151.153,152.051,152.736,151.486,152.98
19,C2',78.195,76.151,78.809,79.265,76.811,80.214,78.907,76.478,77.422,79.086,79.058,79.753,79.212,76.241,79.466,77.643,76.893,78.596,81.039,77.676
19,C3',75.489,72.911,76.221,76.722,73.837,77.318,76.272,73.228,74.514,76.843,76.723,76.625,76.788,72.96,77.251,74.598,73.709,75.836,78.413,74.846
19,C4,155.346,154.931,155.924,155.649,155.213,155.961,155.55,155.038,154.871,155.533,155.528,155.566,155.477,154.956,156.591,154.295,155.941,155.139,155.712,155.523
19,C4',83.023,79.517,84.289,84.566,81.062,85.685,83.645,80.607,81.607,84.369,84.423,84.268,84.677,79.843,85.933,81.509,81.082,83.008,85.833,82.417
19,C5,95.854,94.333,96.136,95.818,94.5,96.934,96.279,93.391,94.144,95.68,95.557,96.378,95.431,94.032,96.15,94.511,95.354,95.912,97.978,94.551
19,C5',69.606,65.913,68.298,68.339,66.457,71.881,69.535,65.405,68.045,68.359,68.33,71.661,68.248,65.968,68.488,68.247,66.327,69.383,74.773,67.317
19,C6,139.744,138.51,140.064,140.269,137.783,142.579,140.621,136.978,136.677,140.029,140.194,138.759,140.534,137.498,140.894,136.703,138.88,139.934,141.345,139.276
19,H1',6.049,5.632,6.223,6.419,5.755,6.222,6.191,5.808,5.872,6.403,6.386,5.89,6.373,5.73,6.322,5.899,5.563,6.21,6.222,5.993
19,H2',5.056,4.608,5.09,5.238,4.701,5.247,5.094,4.757,4.883,5.219,5.217,5.0,5.265,4.63,5.224,4.955,4.498,5.095,5.293,4.923
19,H3',4.742,4.23,4.789,4.981,4.373,4.945,4.799,4.411,4.503,4.963,4.938,4.692,4.985,4.286,4.986,4.6,4.17,4.782,4.945,4.705
19,H41,9.432,9.07,9.52,9.65,9.331,9.412,9.429,9.386,9.474,9.666,9.647,9.402,9.633,9.214,9.711,9.516,9.002,9.429,9.435,9.428
19,H42,5.23,5.227,5.028,4.984,5.249,5.183,5.115,5.328,5.41,5.001,4.984,5.427,4.963,5.216,4.947,5.485,5.125,5.141,5.355,5.142
19,H4',4.599,4.115,4.667,4.895,4.292,4.815,4.704,4.287,4.403,4.864,4.853,4.53,4.854,4.167,4.876,4.467,4.034,4.712,4.839,4.519
19,H5,4.796,4.506,4.743,4.792,4.527,5.038,4.772,4.595,4.626,4.787,4.777,4.844,4.863,4.487,4.732,4.72,4.412,4.79,5.073,4.714
19,H5',4.476,3.983,4.373,4.418,4.138,4.728,4.463,4.162,4.296,4.42,4.425,4.629,4.438,4.032,4.43,4.442,3.953,4.495,4.929,4.284
19,H5'',4.176,3.727,4.026,4.047,3.845,4.437,4.14,3.829,3.95,4.026,4.028,4.263,4.061,3.741,4.027,4.11,3.7,4.154,4.608,3.937
19,H6,7.848,7.589,7.792,7.831,7.65,8.0,7.839,7.631,7.74,7.835,7.84,7.89,7.82,7.578,7.812,7.823,7.516,7.865,8.09,7.712
19,HO2',2.939,3.053,3.084,2.995,2.996,3.046,2.96,2.967,2.942,2.979,2.966,3.033,3.072,2.931,2.997,2.974,3.081,2.913,2.976,2.983
19,N1,168.595,167.453,170.174,170.751,167.191,171.047,170.127,166.339,166.046,170.562,170.923,167.852,171.151,166.683,171.899,165.595,168.07,169.105,169.374,169.083
19,N3,217.536,215.107,216.567,215.191,215.99,214.826,213.836,216.192,215.341,215.301,215.043,212.328,215.209,215.1,219.741,214.046,214.347,214.024,211.653,216.471
19,N4,110.931,109.464,111.385,111.367,110.232,111.168,111.4,110.213,110.728,111.269,111.31,112.036,111.453,109.865,111.246,111.348,110.072,111.023,112.832,110.2
19,P,-19.801,-16.693,-18.844,-18.196,-18.598,-19.819,-18.395,-17.977,-18.057,-18.293,-18.027,-20.746,-19.692,-17.263,-18.389,-20.143,-16.744,-18.804,-21.635,-18.281
20,C1',100.688,97.924,101.227,101.613,98.6,102.078,100.921,98.361,99.16,101.556,101.568,100.93,101.814,97.978,102.833,98.897,98.444,100.481,102.241,99.867
20,C2,150.687,151.651,150.558,150.405,151.173,151.575,151.226,151.139,151.479,150.447,150.484,152.332,150.19,151.409,149.289,151.838,151.879,151.324,152.527,150.662
20,C2',79.206,76.958,79.521,79.962,77.68,80.873,79.841,77.306,78.201,79.875,79.925,80.571,80.017,77.072,80.404,78.463,77.662,79.383,81.963,78.476
20,C3',75.514,73.051,76.583,76.845,73.698,77.851,76.27,73.413,74.526,76.78,76.696,76.698,76.868,73.047,77.294,74.528,73.8,75.857,78.391,75.235
20,C4,146.172,144.644,146.932,146.992,145.934,146.03,145.904,145.712,145.655,146.943,146.984,145.461,147.381,145.163,148.272,145.372,144.936,145.943,145.204,146.383
20,C4',83.341,79.666,84.048,84.718,81.013,85.136,83.82,80.404,81.362,84.678,84.574,84.339,84.468,79.863,85.571,81.471,80.721,83.319,86.143,82.395
20,C5,118.286,117.59,119.13,119.326,117.629,118.087,118.2,116.804,116.391,119.167,119.193,116.046,119.19,117.305,120.78,116.233,117.058,117.945,116.498,118.648
20,C5',69.002,64.908,67.782,67.836,66.152,72.31,69.087,66.079,67.827,67.894,67.845,71.745,68.013,65.53,68.336,67.995,66.165,68.845,74.425,67.096
20,C6,148.585,148.699,148.813,148.704,148.906,148.512,148.597,148.692,148.777,148.673,148.688,148.748,148.583,148.838,149.046,148.856,149.008,148.579,148.546,148.872
20,C8,132.506,133.639,133.065,133.89,132.704,134.129,134.379,132.719,133.126,133.877,133.902,134.388,133.986,133.045,131.749,133.05,135.144,133.837,135.2,132.561
20,H1',6.507,6.165,6.627,6.849,6.268,6.77,6.623,6.267,6.315,6.817,6.823,6.438,6.797,6.145,6.778,6.478,6.045,6.634,6.696,6.536
20,H2,7.33,7.09,7.344,7.385,7.207,7.458,7.327,7.223,7.316,7.409,7.405,7.416,7.388,7.072,7.452,7.369,7.039,7.354,7.527,7.306
20,H2',5.17,4.735,5.165,5.311,4.825,5.321,5.19,4.877,5.002,5.302,5.293,5.13,5.328,4.749,5.278,5.07,4.569,5.195,5.395,5.019
20,H3',4.985,4.481,4.993,5.15,4.699,5.117,5.012,4.641,4.744,5.156,5.141,4.972,5.153,4.477,5.204,4.9,4.471,4.985,5.166,4.827
20,H4',4.661,4.238,4.799,4.95,4.347,4.941,4.753,4.38,4.474,4.925,4.909,4.671,4.962,4.238,4.959,4.583,4.141,4.754,4.928,4.616
20,H5',4.63,4.176,4.535,4.598,4.32,4.87,4.629,4.309,4.463,4.606,4.581,4.789,4.588,4.191,4.589,4.595,4.173,4.66,5.085,4.452
20,H5'',4.192,3.747,4.025,4.054,3.855,4.367,4.171,3.859,3.986,4.063,4.061,4.317,4.045,3.754,4.007,4.158,3.756,4.179,4.68,3.893
20,H61,9.517,9.247,9.382,9.329,9.365,9.57,9.411,9.354,9.394,9.348,9.358,9.569,9.344,9.291,9.466,9.521,9.227,9.406,9.704,9.339
20,H62,5.541,5.609,5.561,5.522,5.603,5.531,5.457,5.715,5.701,5.495,5.479,5.712,5.607,5.52,5.42,5.689,5.601,5.486,5.526,5.526
20,H8,7.798,7.457,7.704,7.741,7.593,7.824,7.702,7.629,7.738,7.747,7.737,7.786,7.746,7.531,7.757,7.808,7.425,7.746,7.942,7.655
20,HO2',3.044,3.173,3.087,3.073,3.087,3.125,3.073,3.013,3.029,3.054,3.091,3.126,3.13,3.021,3.14,3.013,3.156,3.056,3.063,3.027
20,N1,229.066,230.915,228.192,226.672,229.689,230.686,229.442,229.025,229.316,226.715,226.953,231.711,226.619,230.252,226.53,229.06,232.432,228.904,232.068,228.236
20,N3,233.95,232.439,236.693,236.579,232.804,235.045,236.101,233.386,233.261,236.261,236.418,235.036,238.266,234.027,234.595,231.799,233.335,235.607,237.321,232.916
20,N6,101.111,100.29,100.776,101.816,100.181,101.064,101.685,100.074,100.878,102.013,101.725,100.363,101.059,100.726,101.105,101.541,99.858,101.976,102.208,100.594
20,N7,236.814,240.961,241.523,242.145,236.793,242.972,242.789,233.685,232.62,241.509,241.983,238.034,242.581,239.21,239.713,233.307,240.081,240.512,239.925,239.151
20,N9,187.679,187.25,189.609,190.11,187.243,190.766,190.11,186.222,186.896,190.002,190.084,189.384,190.51,187.213,189.896,186.925,188.97,189.185,190.814,188.164
20,P,-20.389,-17.266,-19.665,-19.658,-18.351,-21.557,-19.7,-18.655,-19.01,-19.741,-19.329,-20.624,-19.168,-17.964,-19.294,-19.931,-16.548,-20.14,-21.915,-19.399
21,C1',101.11,98.742,100.388,102.453,97.719,100.774,100.081,97.485,97.929,100.907,100.841,99.803,101.162,98.584,101.91,97.909,97.371,99.264,101.006,98.966
21,C2,145.935,145.729,145.72,145.422,146.525,146.612,146.146,145.384,146.502,144.172,144.153,146.563,145.272,146.381,144.197,146.245,147.501,144.137,146.819,145.113
21,C2',78.922,77.21,78.539,79.883,77.67,79.576,81.018,77.427,77.465,79.419,79.711,80.107,79.846,78.002,80.76,78.595,79.074,79.073,83.197,79.207
21,C3',75.663,72.704,76.057,76.867,74.42,77.431,77.623,73.506,74.549,77.255,78.104,76.823,77.502,73.414,77.238,75.289,75.0,76.371,79.948,75.633
21,C4,148.314,148.344,148.688,149.166,148.833,148.182,149.321,149.612,148.418,148.785,149.379,148.842,150.203,148.357,150.686,149.281,148.265,148.841,149.182,150.295
21,C4',83.577,79.836,83.824,85.119,80.635,85.156,82.605,80.269,81.448,84.165,83.669,84.384,84.202,80.219,85.769,81.178,80.21,82.272,85.015,82.466
21,C5,118.579,117.772,119.283,120.064,119.532,118.339,118.03,115.916,117.729,118.774,118.388,118.071,118.549,119.275,118.024,119.503,119.257,118.303,117.193,117.364
21,C5',68.868,65.11,67.632,67.47,65.609,71.333,68.872,65.657,67.506,67.571,67.507,71.254,67.384,65.27,67.784,67.595,66.231,68.552,74.009,67.033
21,C6,153.417,154.382,153.583,154.203,154.65,152.91,154.497,153.278,152.424,152.994,154.037,152.732,154.839,154.831,154.442,154.105,155.129,153.595,153.44,154.521
21,C8,129.663,131.192,130.049,130.739,129.649,130.604,131.216,129.579,129.054,129.623,129.439,131.011,129.87,130.152,129.222,130.001,131.281,130.574,132.044,129.302
21,H1,12.179,11.912,12.186,12.085,12.329,12.768,13.471,12.287,12.189,12.65,12.803,12.177,12.778,12.266,12.525,12.667,12.425,12.683,13.509,12.513
21,H1',6.127,5.777,6.298,6.414,5.905,6.285,6.144,5.836,5.952,6.316,6.236,6.028,6.285,5.762,6.334,6.093,5.643,6.051,6.265,5.945
21,H21,9.421,8.471,9.308,8.998,8.582,10.24,9.786,9.775,9.59,9.577,9.267,9.337,8.465,8.589,9.362,8.966,8.401,9.29,10.125,8.828
21,H22,5.369,4.624,5.037,4.755,4.79,5.132,5.642,5.351,5.46,4.641,6.742,5.207,6.962,4.658,4.424,5.066,4.65,4.405,6.077,7.62
21,H2',5.481,4.351,5.413,5.457,4.384,5.273,4.207,4.804,4.957,4.762,4.459,5.111,4.776,4.437,5.044,4.582,3.85,4.254,4.498,4.682
21,H3',4.665,4.333,4.785,5.032,4.579,4.852,4.724,4.301,4.558,4.886,4.9,4.788,4.978,4.398,4.852,4.886,4.231,4.874,4.926,4.45
21,H4',4.657,4.087,4.672,4.86,4.244,4.862,4.609,4.27,4.346,4.825,4.761,4.559,4.805,4.191,4.856,4.429,4.007,4.569,4.761,4.517
21,H5',4.53,4.103,4.474,4.471,4.283,4.81,4.46,4.209,4.358,4.537,4.502,4.696,4.517,4.08,4.533,4.523,3.998,4.586,4.915,4.377
21,H5'',4.021,3.691,3.948,3.976,3.797,4.289,3.935,3.749,3.863,3.948,3.888,4.236,3.999,3.679,3.903,4.049,3.495,4.098,4.448,3.806
21,H8,6.725,6.431,6.731,6.835,6.671,6.702,6.496,6.576,6.678,6.681,6.644,6.796,6.774,6.569,6.805,6.906,6.274,6.67,6.735,6.64
21,HO2',3.186,4.135,3.118,3.235,2.961,3.058,2.983,2.902,2.952,2.944,2.915,2.96,2.76,3.047,2.947,2.89,2.942,2.837,2.989,2.854
21,N1,155.364,154.843,155.475,156.129,155.599,157.722,158.007,153.127,155.333,153.286,155.488,153.741,154.53,155.603,153.893,154.799,156.071,154.957,157.79,154.359
21,N2,88.253,92.688,88.458,87.217,86.493,94.544,99.939,99.22,89.13,97.425,102.297,90.287,96.056,85.692,100.001,86.639,88.115,98.032,99.999,99.479
21,N3,180.377,179.629,179.391,181.143,181.05,177.414,179.722,181.199,181.939,175.12,176.633,181.034,178.322,182.343,178.68,182.09,180.204,176.408,179.895,178.528
21,N7,244.617,243.766,248.827,246.834,243.463,250.89,248.687,242.988,240.373,248.839,249.625,243.75,248.122,243.944,249.267,239.156,244.949,246.228,249.427,245.681
21,N9,183.566,185.666,183.892,186.79,182.503,184.802,185.06,181.233,181.671,183.43,184.172,185.315,183.751,184.653,182.594,182.13,184.937,183.377,186.188,182.464
21,P,-21.066,-17.576,-19.953,-18.905,-18.984,-19.942,-19.939,-18.653,-19.932,-20.046,-19.976,-19.83,-19.619,-18.318,-18.8,-19.586,-17.537,-19.684,-22.324,-18.366
22,C1',100.381,96.781,99.62,100.197,97.894,103.26,99.98,94.841,98.775,98.817,100.401,98.812,98.93,95.228,97.745,96.02,95.926,97.506,99.311,96.918
22,C2,155.493,154.696,153.865,153.406,152.204,156.587,159.702,153.058,156.863,155.016,155.945,153.018,153.623,154.565,151.916,152.299,153.518,157.567,160.014,153.344
22,C2',79.21,75.78,80.478,79.684,79.037,82.133,77.207,78.827,82.838,84.825,85.196,80.102,85.134,80.407,84.866,79.801,81.593,83.706,80.208,82.459
22,C3',76.21,73.849,76.537,77.274,73.496,82.462,82.715,86.769,76.998,88.307,88.861,77.278,88.544,80.781,91.654,75.209,81.925,87.983,85.823,89.701
22,C4,145.627,144.167,146.335,146.046,145.499,144.492,147.855,143.756,144.963,146.471,146.902,143.616,146.723,146.09,147.415,143.598,146.732,146.514,147.2,147.489
22,C4',82.686,79.722,83.71,83.725,81.104,83.776,93.08,79.28,79.139,92.548,88.871,83.321,91.358,86.465,91.148,80.367,88.097,89.671,94.806,85.59
22,C5,115.797,115.924,117.35,117.302,115.394,115.553,115.269,114.557,113.796,114.423,113.657,114.431,115.302,113.54,116.974,114.221,115.335,113.131,114.438,114.852
22,C5',68.015,63.98,67.043,65.591,65.712,71.167,77.265,68.022,66.831,70.002,67.898,70.28,69.333,67.011,70.647,67.823,71.262,70.685,83.608,69.306
22,C6,147.444,147.984,149.18,146.838,146.456,148.86,146.777,147.989,145.925,145.167,144.266,148.272,148.352,148.772,148.968,144.509,148.765,145.732,147.223,149.186
22,C8,132.187,134.61,132.6,133.34,131.603,133.329,134.215,134.298,131.826,136.93,137.545,134.302,135.594,134.438,133.528,132.814,136.623,137.66,135.572,134.664
22,H1',6.535,6.102,6.414,6.661,6.368,7.179,6.696,6.743,6.359,7.324,7.207,6.38,7.095,6.313,7.463,6.435,6.453,7.256,6.912,6.976
22,H2,8.1,8.107,8.332,7.859,7.86,9.083,9.449,8.749,8.411,8.924,8.644,8.425,8.602,7.891,8.918,8.244,7.844,8.506,9.349,7.525
22,H2',4.413,4.664,4.813,4.604,4.172,4.976,5.586,4.381,4.646,5.019,4.907,5.244,5.1,3.919,4.99,4.558,4.293,5.023,5.563,4.935
22,H3',4.694,4.349,4.55,5.055,4.663,4.941,5.369,4.605,4.418,5.08,4.938,4.617,4.962,4.496,4.885,4.567,4.421,5.194,5.544,4.813
22,H4',4.424,3.984,4.886,4.704,4.162,5.071,4.925,5.623,5.235,5.433,5.832,4.602,5.383,4.512,5.56,4.53,4.402,5.356,4.954,4.99
22,H5',4.971,4.306,4.475,4.99,4.12,4.924,4.558,4.154,4.307,4.375,4.416,4.597,4.298,4.583,4.319,4.361,4.029,4.414,5.137,4.248
22,H5'',4.033,3.68,4.093,4.074,3.744,4.526,3.832,3.524,4.341,4.164,4.236,4.28,4.295,3.754,4.208,4.077,3.462,4.17,4.216,4.052
22,H61,6.749,10.31,8.584,5.793,9.213,8.927,5.213,8.919,8.95,7.533,5.874,10.168,10.524,7.243,9.862,8.961,4.927,5.092,5.466,9.81
22,H62,5.355,5.241,5.846,5.55,5.541,5.844,8.482,5.826,5.545,5.7,5.646,5.515,5.453,5.86,5.535,6.59,8.641,5.609,8.736,5.699
22,H8,7.782,7.9,7.257,7.207,7.051,7.983,8.051,7.915,7.855,8.354,8.514,7.474,8.264,7.145,8.174,7.192,7.6,8.447,8.363,8.392
22,HO2',4.148,2.951,2.171,3.115,4.623,5.22,2.628,2.7,3.284,2.401,2.442,2.902,2.216,1.938,2.904,2.698,2.452,2.401,2.215,2.241
22,N1,243.582,231.342,232.871,245.248,226.18,242.344,253.466,227.865,236.66,238.918,240.465,234.647,222.849,251.808,227.712,224.503,238.509,241.433,257.771,231.074
22,N3,227.34,233.628,241.796,230.984,232.287,236.326,240.91,230.047,229.461,232.303,236.103,232.006,228.828,236.744,236.762,226.218,237.266,236.293,236.882,234.457
22,N6,97.577,99.851,96.503,109.437,109.161,95.987,103.826,100.016,104.564,108.975,106.69,101.72,104.937,96.793,97.031,117.271,103.585,101.301,105.159,97.515
22,N7,234.179,236.54,237.224,241.612,240.349,234.095,244.002,232.248,230.782,237.914,236.165,240.974,245.536,242.141,242.007,238.741,249.7,239.061,251.622,241.882
22,N9,191.189,187.445,190.402,188.662,188.979,194.912,189.288,185.954,191.16,190.543,189.811,189.066,188.866,185.145,188.741,186.595,190.305,189.279,190.603,187.931
22,P,-19.763,-17.37,-18.463,-18.336,-19.668,-20.871,-17.899,-19.181,-20.403,-21.318,-20.44,-19.153,-18.579,-17.708,-19.937,-21.03,-14.995,-20.584,-20.95,-19.05
23,C1',98.165,96.087,98.07,98.76,91.695,100.656,98.775,95.7,99.45,99.43,100.372,99.739,100.007,94.806,100.533,94.197,98.055,98.94,100.189,98.286
23,C2,146.73,146.94,150.135,151.708,147.856,149.812,149.219,149.347,148.639,150.769,150.625,147.711,150.614,148.179,150.833,148.687,147.231,149.102,148.097,149.206
23,C2',80.682,74.227,80.365,82.863,78.034,81.52,79.693,77.315,77.51,79.134,78.972,80.602,79.656,76.074,80.008,79.059,76.691,78.838,81.96,77.934
23,C3',88.995,74.18,85.631,87.122,83.583,77.458,76.765,72.768,77.123,77.919,77.156,75.879,77.4,73.083,77.599,81.825,76.423,76.148,79.259,75.563
23,C4,160.071,155.454,160.441,158.208,159.338,158.034,157.289,152.328,154.338,154.51,158.031,157.835,158.454,158.001,158.873,158.839,157.309,153.939,156.924,158.566
23,C4',85.969,73.108,77.046,90.191,84.694,84.615,83.048,80.459,78.464,85.032,84.819,85.249,84.71,80.225,85.144,85.777,78.244,82.671,85.996,82.32
23,C5,105.304,105.8,112.838,107.695,111.866,110.637,107.758,101.939,103.046,103.843,104.706,107.886,105.388,103.81,103.392,111.495,107.89,102.761,108.622,103.46
23,C5',69.436,70.905,70.222,72.16,73.459,68.767,68.507,66.369,72.27,67.294,67.535,70.704,66.868,68.007,67.765,73.184,68.881,69.369,73.636,67.382
23,C6,141.565,139.267,139.768,140.402,135.683,145.229,141.675,138.46,138.952,141.085,143.199,138.288,143.561,139.523,143.738,135.473,136.434,142.181,143.571,142.279
23,H1',7.189,4.926,6.343,7.258,6.081,6.072,6.147,5.765,6.051,6.247,6.352,5.702,6.341,5.647,6.223,6.611,5.566,6.016,6.302,5.947
23,H2',4.627,3.705,4.449,4.667,3.793,5.228,5.153,4.675,5.198,5.173,5.216,5.054,5.165,4.571,5.377,4.021,4.372,5.055,5.212,4.546
23,H3,10.128,7.539,7.744,7.241,9.01,7.502,7.502,7.877,7.083,7.449,7.708,6.905,7.698,6.819,9.054,10.058,8.314,7.178,7.22,7.255
23,H3',5.216,3.09,4.551,4.975,4.644,4.634,4.536,4.274,4.39,5.161,5.06,4.399,4.978,4.362,4.834,4.723,4.218,4.89,4.978,4.713
23,H4',5.527,5.268,4.812,5.181,4.071,4.719,4.802,4.306,4.761,4.987,4.947,4.346,4.954,4.135,4.956,4.699,4.398,4.86,4.96,4.597
23,H5,5.038,5.489,6.293,4.692,5.636,7.074,7.09,5.873,5.995,6.016,6.001,5.252,6.008,5.873,5.999,5.787,5.061,6.278,7.087,6.169
23,H5',4.672,4.094,4.831,4.116,3.633,4.46,4.586,4.712,4.099,4.613,4.718,4.288,4.595,4.144,4.548,4.218,3.75,4.619,5.096,4.44
23,H5'',4.221,3.507,4.529,3.836,3.399,4.631,4.157,3.953,4.793,4.123,4.171,4.175,4.235,3.845,4.082,3.723,4.466,4.162,4.822,3.964
23,H6,8.258,6.86,8.121,8.22,6.673,9.169,8.407,8.067,7.958,8.749,8.644,8.01,8.746,8.064,8.667,7.176,7.595,8.468,8.802,8.631
23,HO2',2.313,2.575,2.784,2.804,1.409,2.901,3.06,2.886,2.958,2.953,3.084,3.367,2.953,2.984,2.834,1.505,3.236,3.114,3.167,2.977
23,N1,170.533,166.592,172.434,174.677,163.47,171.348,170.581,164.311,169.023,169.383,175.084,171.284,176.79,168.515,171.111,165.344,164.87,171.814,172.324,174.695
23,N3,178.141,173.763,183.146,177.821,178.447,175.967,176.509,170.935,173.567,177.753,177.593,173.216,178.026,176.033,178.968,177.152,186.693,172.592,173.868,176.074
23,P,-20.825,-17.63,-16.429,-19.789,-20.006,-16.42,-20.935,-16.241,-17.497,-18.434,-17.663,-20.421,-18.378,-13.88,-15.772,-18.708,-19.955,-20.334,-22.204,-19.916
24,C1',100.396,96.388,100.164,102.832,96.61,100.955,99.192,95.539,97.351,100.61,100.369,100.18,100.195,94.52,100.819,97.787,97.129,98.731,101.887,98.13
24,C2,153.036,151.903,154.186,156.749,151.974,153.066,153.551,149.629,151.542,155.765,155.92,145.561,155.282,151.545,154.449,150.193,152.913,153.411,152.455,153.184
24,C2',77.569,78.452,80.182,81.209,78.845,81.672,80.35,77.6,78.711,80.448,79.745,84.322,80.34,76.512,81.016,80.309,78.627,79.662,82.845,78.924
24,C3',76.492,72.643,76.173,81.784,74.799,77.825,78.065,73.64,76.444,78.312,78.18,78.609,75.918,73.354,78.172,76.086,73.412,76.534,79.945,73.722
24,C4,156.44,153.847,154.846,156.767,152.728,155.2,154.484,149.759,154.604,154.856,155.789,153.765,154.335,153.529,152.424,153.388,156.474,154.468,154.92,153.69
24,C4',81.502,79.57,84.195,84.693,81.518,85.682,83.321,80.545,80.239,84.126,83.399,84.601,85.211,78.96,86.684,81.948,80.86,82.139,85.741,83.27
24,C5,96.851,96.138,96.823,98.51,97.593,99.651,98.546,93.376,93.857,94.834,95.741,91.776,97.246,93.487,95.779,95.945,95.758,96.372,97.759,95.969
24,C5',72.003,65.49,68.022,72.925,65.944,72.378,69.606,65.517,67.467,68.0,67.281,67.613,69.641,64.94,68.132,68.149,67.114,68.3,74.57,67.835
24,C6,139.79,139.516,141.807,140.158,137.095,141.492,140.14,133.965,137.567,141.475,141.316,138.206,138.592,138.475,139.439,136.654,138.843,141.012,142.53,137.963
24,H1',5.989,6.067,6.32,6.359,6.075,6.308,6.178,5.989,6.002,6.521,6.388,6.439,6.473,5.789,6.327,6.166,5.953,6.315,6.295,6.207
24,H2',4.836,3.71,4.729,5.018,4.398,4.604,4.507,4.048,4.376,4.647,4.761,4.404,4.845,4.08,4.611,4.429,3.791,4.56,4.666,4.68
24,H3',4.594,4.376,4.693,4.298,4.49,4.911,4.852,4.471,4.323,4.954,4.95,4.829,5.055,4.22,4.983,4.612,4.225,4.729,5.06,4.653
24,H41,5.322,5.182,5.282,5.278,7.461,4.941,7.862,8.306,4.517,4.694,4.967,4.886,7.948,4.703,8.836,8.435,8.165,4.501,5.665,6.906
24,H42,5.246,5.725,5.507,7.747,5.638,4.777,4.586,8.536,5.6,4.849,4.934,5.061,6.838,4.919,7.097,5.239,4.788,4.968,6.142,5.046
24,H4',4.636,3.976,4.555,5.131,4.471,4.716,4.605,4.318,4.302,4.849,4.846,4.604,4.658,4.058,4.835,4.484,3.885,4.689,4.782,4.389
24,H5,5.805,5.302,5.226,5.989,5.894,5.743,5.494,4.975,5.281,5.375,5.32,5.363,5.621,5.11,5.553,6.058,4.985,5.349,5.715,5.319
24,H5',5.321,3.833,4.043,4.396,4.381,4.465,4.221,3.973,4.232,4.234,4.278,4.661,4.172,3.888,4.284,4.644,4.052,4.319,4.799,4.129
24,H5'',4.357,3.671,3.949,4.429,3.912,4.37,4.051,3.733,3.994,4.033,4.022,4.967,3.933,3.764,3.893,4.374,3.587,4.118,4.608,3.777
24,H6,7.779,7.459,7.585,7.833,8.497,8.049,7.955,7.871,8.055,8.151,7.938,8.064,7.924,7.847,7.882,8.685,7.755,8.052,8.325,7.711
24,HO2',2.957,3.227,2.914,3.08,2.911,2.848,2.911,2.688,2.661,2.789,2.804,2.761,2.863,2.685,2.9,2.919,3.208,2.86,2.768,3.101
24,N1,170.677,175.736,175.141,172.205,163.659,175.076,170.361,163.851,170.392,175.356,174.585,168.578,171.741,171.338,171.752,165.863,176.487,173.237,173.396,170.316
24,N3,227.073,222.32,219.332,220.839,215.07,225.579,217.124,230.092,219.548,220.221,222.633,218.187,219.427,218.424,240.096,208.739,232.065,217.121,212.827,217.976
24,N4,103.233,110.12,110.973,105.344,123.481,106.723,116.471,120.963,102.395,102.417,99.79,91.232,118.995,107.481,117.643,113.851,105.023,104.88,114.837,111.123
24,P,-18.957,-18.545,-20.087,-19.448,-23.453,-19.574,-21.917,-19.217,-19.426,-19.62,-19.123,-20.562,-18.953,-16.714,-19.75,-22.789,-20.221,-19.284,-23.317,-19.532
25,C1',97.026,94.66,97.819,98.989,95.373,99.217,97.606,97.218,95.967,98.706,99.268,96.884,93.461,94.172,102.378,96.638,93.983,97.767,98.944,96.698
25,C2,148.713,147.67,149.145,150.627,148.139,148.956,149.805,148.586,148.941,150.536,150.512,150.783,149.705,148.386,149.945,148.777,147.844,149.033,148.852,149.395
25,C2',79.715,77.891,79.158,80.472,77.152,81.69,80.033,78.438,78.958,80.27,80.153,81.58,81.733,76.877,81.164,77.769,78.046,79.93,81.809,79.429
25,C3',77.437,73.053,76.771,79.244,72.708,79.415,76.277,73.814,76.402,77.717,78.088,84.219,83.41,73.369,78.188,73.963,73.91,76.634,78.331,83.525
25,C4,158.434,155.711,160.862,158.4,155.563,161.535,159.878,157.471,158.339,160.449,160.62,158.832,157.314,156.549,161.881,154.928,155.012,159.715,159.488,160.78
25,C4',82.756,78.753,83.62,83.788,81.35,85.145,82.913,80.157,80.962,85.23,84.607,91.245,85.622,79.384,84.369,80.868,81.29,84.095,85.926,88.654
25,C5,104.788,108.523,108.623,106.01,108.155,109.512,109.892,104.45,104.909,106.14,106.379,108.643,108.498,106.209,107.78,107.309,110.346,105.705,111.853,108.332
25,C5',68.632,65.522,67.274,69.002,67.847,72.839,69.22,67.021,67.906,67.549,68.1,75.931,72.567,64.34,69.691,69.673,66.31,68.833,74.323,72.655
25,C6,141.606,137.153,140.641,139.963,136.519,141.977,139.882,136.424,137.566,141.28,140.608,141.417,138.758,137.906,140.508,135.683,135.765,140.893,142.57,138.803
25,H1',6.174,5.914,6.072,6.125,5.829,6.257,6.094,5.913,5.854,6.354,6.212,6.575,6.752,5.895,6.211,5.99,5.643,6.222,6.405,6.361
25,H2',4.927,4.397,4.873,4.631,4.884,5.0,5.199,4.535,4.315,5.066,4.872,4.477,4.197,4.713,4.967,5.088,4.411,4.785,5.437,3.743
25,H3,10.886,7.058,11.081,10.174,6.75,10.931,9.408,6.776,10.588,10.48,11.237,7.467,10.218,6.994,7.315,6.62,6.544,11.236,7.19,9.305
25,H3',4.94,4.118,4.88,5.256,4.351,5.139,4.653,4.331,4.927,5.107,5.062,4.979,4.904,4.245,5.047,4.449,4.361,4.854,5.022,5.114
25,H4',4.534,3.887,4.686,4.891,4.323,4.751,4.657,4.201,4.353,4.862,4.881,4.654,5.498,4.156,4.873,4.444,3.864,4.669,4.85,4.599
25,H5,5.339,4.289,5.704,5.599,4.57,5.568,5.286,5.013,5.424,5.505,5.435,6.199,5.621,5.635,5.096,4.773,4.777,5.49,5.842,5.699
25,H5',4.373,3.915,4.152,4.257,4.069,4.464,4.308,3.928,4.013,4.283,4.185,4.379,4.245,3.9,4.191,4.33,3.879,4.242,4.783,4.123
25,H5'',4.083,3.762,4.019,4.051,3.985,4.374,4.098,3.807,4.035,4.165,4.11,4.255,3.953,3.792,4.041,4.24,3.794,4.199,4.717,3.9
25,H6,8.299,7.062,8.454,8.167,7.547,8.187,8.042,7.497,8.072,8.487,8.465,8.518,8.103,8.207,7.693,7.628,7.187,8.461,8.697,8.202
25,HO2',2.651,2.74,2.846,2.759,2.979,2.833,2.859,5.408,2.784,2.852,2.908,2.459,1.459,2.847,2.937,2.813,2.893,2.938,2.954,1.958
25,N1,173.216,169.983,173.599,172.324,169.178,176.183,172.47,172.81,169.348,173.931,173.494,172.801,168.889,168.526,179.303,167.927,167.289,173.009,174.194,169.933
25,N3,173.043,172.216,179.164,174.398,173.51,175.375,173.566,178.767,172.252,178.211,178.436,173.653,174.331,172.666,185.476,173.012,169.71,176.286,172.878,183.082
25,P,-22.382,-18.758,-18.847,-19.495,-16.605,-20.619,-21.614,-19.244,-18.989,-18.931,-19.897,-23.718,-18.93,-17.667,-20.701,-19.012,-18.186,-19.116,-21.911,-17.675
26,C1',99.18,96.944,100.064,100.455,97.437,100.524,99.662,97.147,97.481,100.48,100.612,100.663,101.026,96.718,100.737,98.003,97.2,99.328,100.727,99.226
26,C2,146.351,147.577,146.926,146.372,146.519,147.355,147.359,146.906,147.423,146.173,146.829,147.263,146.079,147.008,145.858,147.225,147.493,147.267,147.765,147.333
26,C2',79.53,76.901,79.574,81.379,77.527,81.916,80.084,77.218,79.005,79.946,79.931,80.453,80.287,76.905,80.874,78.154,77.833,79.328,81.828,79.087
26,C3',79.707,76.791,79.881,86.237,73.723,82.844,84.027,76.748,79.702,79.007,79.8,78.122,80.701,73.17,81.097,74.336,77.257,81.195,79.471,77.72
26,C4,149.651,149.524,149.702,149.716,148.799,150.328,149.899,149.581,150.049,150.081,149.934,149.009,151.409,148.48,151.757,149.197,147.861,149.768,149.97,149.556
26,C4',82.769,78.964,82.414,80.576,80.732,84.531,79.875,79.599,79.389,83.647,83.289,84.618,86.465,79.852,86.693,81.621,80.581,80.207,85.781,79.925
26,C5,120.008,121.23,120.749,120.099,120.138,120.504,120.266,119.48,118.95,120.213,120.788,119.728,121.091,118.904,121.016,119.522,122.248,120.227,119.222,119.931
26,C5',75.23,70.611,67.777,71.28,66.399,77.627,70.429,71.473,73.207,67.029,67.321,74.121,75.457,65.11,75.456,68.628,72.145,68.854,74.36,76.165
26,C6,154.736,154.843,154.242,153.626,154.811,154.53,155.202,154.612,153.269,154.46,154.551,154.368,155.001,154.389,154.919,154.728,155.894,154.575,154.196,154.414
26,C8,130.103,132.758,131.296,133.349,130.358,131.935,131.909,129.292,130.473,131.243,131.622,135.105,132.181,130.39,130.477,129.071,132.569,131.604,132.369,129.637
26,H1,12.389,12.074,12.12,12.032,12.094,12.15,12.098,12.25,12.069,12.459,12.128,12.544,12.489,12.067,12.513,12.382,11.97,12.039,12.309,11.839
26,H1',6.176,5.361,6.476,6.561,5.844,6.438,6.31,6.026,6.12,6.571,6.667,6.19,6.449,5.835,6.299,6.018,5.483,6.488,6.456,6.213
26,H21,9.192,8.77,8.933,8.992,8.952,8.983,8.908,9.133,9.174,9.18,8.989,9.339,9.007,8.965,9.097,9.292,8.75,9.005,9.28,8.816
26,H22,4.914,4.835,4.849,4.74,5.001,4.795,4.891,5.019,5.206,4.6,4.754,5.026,4.611,4.891,4.632,5.306,4.664,4.929,5.075,4.904
26,H2',5.133,4.547,5.135,5.289,4.715,5.299,5.085,4.882,4.952,5.249,5.25,5.021,5.361,4.669,5.242,4.969,4.508,5.142,5.327,4.934
26,H3',4.521,3.895,4.8,4.872,4.635,4.782,4.664,4.236,4.393,4.991,4.935,4.866,4.731,4.528,4.795,4.871,3.924,4.675,5.053,4.181
26,H4',4.588,3.883,4.679,5.2,4.239,4.904,4.744,4.352,4.447,4.765,4.881,4.487,5.136,4.102,5.052,4.43,3.909,4.696,4.835,5.704
26,H5',4.478,4.015,4.412,4.553,4.031,4.788,4.727,4.208,4.322,4.343,4.431,5.292,4.523,3.964,4.282,4.28,4.123,4.597,4.813,4.382
26,H5'',4.973,3.977,4.19,4.79,3.839,5.277,4.448,4.675,4.782,4.192,4.185,4.42,4.925,3.847,5.251,4.117,4.109,4.363,4.73,4.218
26,H8,7.504,6.897,7.775,8.349,7.121,7.697,7.587,7.133,7.79,7.819,7.883,8.481,7.729,7.138,7.897,7.226,6.818,7.833,7.692,6.989
26,HO2',3.084,3.146,3.174,3.131,3.071,3.184,3.091,3.186,3.096,3.085,3.127,3.067,3.361,3.096,3.085,2.967,3.247,3.071,3.082,3.378
26,N1,155.685,156.685,158.131,156.965,154.687,157.86,157.45,155.976,156.179,155.821,157.708,154.476,158.109,155.82,156.279,154.989,156.789,158.295,157.3,156.484
26,N2,89.323,86.793,89.329,89.156,87.574,90.838,90.598,88.866,90.717,88.205,89.844,90.063,86.327,88.66,88.445,87.633,88.156,90.863,93.097,89.179
26,N3,179.682,185.573,178.956,178.74,183.218,181.658,181.357,181.509,183.51,180.895,180.412,181.019,180.866,179.957,182.008,182.428,180.631,180.415,182.661,182.485
26,N7,247.319,249.4,246.931,241.42,248.073,254.794,251.739,244.993,242.33,248.813,247.223,235.019,247.664,242.842,252.859,242.434,250.307,246.665,249.665,252.395
26,N9,182.776,183.613,184.206,185.212,183.017,186.889,186.805,180.319,182.977,184.982,185.055,187.558,187.54,182.73,183.853,182.066,184.843,185.17,187.439,184.038
26,P,-18.172,-16.42,-17.276,-16.02,-17.01,-19.056,-19.243,-19.512,-17.399,-18.604,-17.904,-18.126,-18.907,-15.73,-16.695,-19.425,-15.723,-18.612,-21.413,-19.266
27,C1',100.402,97.959,101.31,101.482,98.646,101.979,100.819,98.087,99.052,101.435,101.576,100.511,101.481,97.662,102.453,99.044,98.305,100.36,102.243,99.837
27,C2,150.606,151.628,150.002,150.259,151.102,151.331,151.467,150.97,151.32,150.277,150.505,151.824,149.892,151.246,149.153,151.838,151.65,151.353,152.525,150.479
27,C2',79.356,76.864,79.715,80.197,77.877,81.233,80.009,77.399,78.246,80.154,80.061,80.527,80.19,77.149,80.475,78.51,77.621,79.49,82.089,78.751
27,C3',75.739,73.05,76.648,77.226,73.972,78.102,76.544,73.404,74.791,77.219,77.235,77.234,77.202,73.027,77.635,74.845,73.969,76.383,79.022,75.249
27,C4,146.032,144.854,146.733,147.026,145.019,145.751,145.442,145.358,145.365,146.842,146.83,144.066,146.928,144.763,148.097,144.882,144.873,145.74,144.869,146.087
27,C4',83.314,79.661,84.062,84.906,81.117,85.621,83.687,80.525,81.135,84.449,84.418,84.669,84.902,80.197,86.165,81.626,80.941,83.012,85.83,82.421
27,C5,118.042,117.325,119.084,119.009,117.498,117.874,117.861,116.859,116.549,119.005,118.995,116.709,119.216,117.094,120.608,116.267,117.28,117.807,116.375,118.394
27,C5',68.756,65.009,68.097,67.426,66.668,71.519,69.31,65.893,68.001,68.379,68.203,71.599,67.35,65.493,67.73,68.64,66.027,69.04,74.842,66.657
27,C6,148.317,148.603,148.471,148.288,148.877,148.157,148.373,148.593,148.739,148.336,148.407,148.551,148.497,148.665,148.642,148.503,148.836,148.249,148.228,148.588
27,C8,133.173,134.708,133.94,134.842,134.122,135.293,136.085,133.739,133.338,134.902,135.131,134.604,134.59,134.518,133.179,133.835,134.749,134.89,136.127,133.912
27,H1',6.434,6.018,6.564,6.735,6.183,6.596,6.543,6.186,6.234,6.746,6.724,6.372,6.759,6.129,6.668,6.344,5.943,6.573,6.629,6.386
27,H2,7.923,7.706,8.038,8.067,7.822,8.093,7.981,7.842,7.938,8.08,8.066,7.887,8.083,7.781,7.991,7.982,7.633,8.04,8.214,7.914
27,H2',5.138,4.702,5.166,5.309,4.822,5.313,5.17,4.839,4.958,5.328,5.29,5.11,5.281,4.732,5.255,5.085,4.55,5.215,5.389,4.985
27,H3',4.864,4.344,4.917,5.07,4.59,5.004,4.945,4.561,4.659,5.114,5.049,4.816,5.093,4.466,5.063,4.751,4.295,4.918,5.111,4.817
27,H4',4.619,4.168,4.752,4.894,4.307,4.829,4.741,4.314,4.474,4.925,4.95,4.591,4.894,4.177,4.857,4.528,4.054,4.753,4.954,4.562
27,H5',4.5,4.036,4.458,4.434,4.167,4.703,4.514,4.167,4.33,4.489,4.477,4.656,4.449,4.082,4.433,4.46,3.982,4.544,5.007,4.274
27,H5'',4.173,3.766,4.065,4.1,3.901,4.408,4.176,3.901,3.981,4.09,4.069,4.305,4.083,3.826,4.03,4.139,3.692,4.185,4.703,3.959
27,H61,9.498,9.321,9.503,9.439,9.364,9.631,9.493,9.386,9.528,9.484,9.5,10.838,9.434,9.354,9.474,9.545,9.298,9.533,9.795,9.484
27,H62,5.629,5.712,5.511,5.563,5.648,5.554,5.606,5.729,5.734,5.596,5.616,7.137,5.565,5.686,5.436,5.715,5.553,5.684,5.554,5.584
27,H8,7.446,7.15,7.416,7.404,7.323,7.476,7.385,7.316,7.375,7.468,7.445,7.371,7.396,7.22,7.445,7.512,7.042,7.442,7.625,7.316
27,HO2',3.039,3.104,3.145,3.18,3.057,3.211,3.101,2.995,3.042,3.162,3.142,3.035,3.131,3.063,3.104,3.003,3.055,3.098,3.158,3.053
27,N1,230.252,231.279,227.861,226.814,229.89,231.213,230.377,229.277,229.039,226.704,227.435,231.24,226.909,230.422,225.368,228.511,231.984,229.249,231.522,228.114
27,N3,230.803,232.449,235.067,235.767,231.242,234.944,233.948,231.688,230.997,235.231,234.572,229.153,236.643,232.419,233.146,230.795,234.242,234.067,235.149,232.859
27,N6,101.765,102.172,103.203,103.687,102.758,102.788,103.103,102.497,103.216,103.219,103.16,116.444,102.87,102.226,102.692,103.933,101.8,102.864,104.225,102.648
27,N7,234.719,240.4,241.039,242.526,234.18,240.022,238.242,232.897,233.239,241.019,240.627,238.587,242.704,236.96,237.608,232.532,244.121,241.119,239.995,237.515
27,N9,187.348,187.395,189.419,190.061,186.018,190.166,189.163,185.784,186.424,189.649,189.739,187.653,189.674,186.12,189.193,185.545,188.054,188.914,190.489,187.438
27,P,-19.619,-16.73,-19.041,-18.95,-17.031,-20.485,-16.85,-18.494,-18.405,-18.089,-18.645,-18.945,-18.996,-15.644,-19.74,-18.626,-17.3,-19.399,-20.557,-18.497
28,C1',99.321,96.554,99.916,100.741,97.574,100.612,99.464,96.956,97.776,100.454,100.284,99.419,100.264,96.83,101.664,97.674,97.242,98.895,100.509,99.033
28,C2,146.746,147.504,146.841,146.288,147.077,147.038,147.077,147.233,147.299,146.345,146.639,147.296,146.841,147.304,146.589,146.712,148.141,147.081,147.271,147.207
28,C2',78.638,76.139,78.989,79.481,77.07,80.443,79.139,76.612,77.555,79.247,79.287,79.764,79.373,76.452,79.779,77.902,77.116,78.673,81.323,78.095
28,C3',75.814,73.362,76.49,77.208,74.151,78.124,76.631,73.659,74.624,77.105,77.294,77.24,77.037,73.139,77.544,74.874,73.902,75.986,78.725,75.134
28,C4,149.761,148.515,149.759,149.883,149.146,149.716,149.322,149.249,149.516,149.906,149.708,149.311,149.859,148.967,150.396,149.377,148.662,149.367,149.469,149.464
28,C4',82.938,79.137,84.015,84.118,80.73,84.811,83.576,80.219,81.269,84.138,84.234,84.067,84.273,79.579,85.446,81.495,80.87,83.095,85.893,82.239
28,C5,120.177,119.628,120.295,120.469,119.575,120.228,119.941,119.211,118.854,120.247,120.259,118.675,120.344,119.371,121.122,118.584,119.668,119.743,119.338,120.128
28,C5',68.643,64.747,67.618,67.324,65.769,71.663,68.571,65.652,67.209,67.385,67.386,71.292,67.249,65.266,67.705,67.909,65.691,68.347,73.822,66.659
28,C6,154.52,154.787,154.662,154.517,154.339,154.616,154.689,153.716,153.179,154.635,154.653,153.199,154.609,154.152,155.152,153.044,154.787,154.667,153.884,154.543
28,C8,129.423,130.388,130.36,130.503,129.414,131.211,131.414,129.214,129.25,130.558,130.526,130.746,130.833,129.972,129.739,129.424,130.777,130.97,132.024,129.827
28,H1,13.048,12.722,13.112,13.206,12.89,13.16,13.095,12.986,13.092,13.213,13.226,13.266,13.213,12.793,13.279,13.063,12.791,13.078,13.255,13.045
28,H1',6.182,5.819,6.335,6.492,5.913,6.351,6.343,6.012,6.028,6.481,6.498,6.126,6.505,5.806,6.431,6.1,5.673,6.336,6.38,6.138
28,H21,9.573,9.259,9.524,9.605,9.44,9.597,9.484,9.534,9.663,9.589,9.56,9.821,9.552,9.373,9.595,9.765,9.169,9.553,9.791,9.518
28,H22,5.272,5.08,4.988,4.996,5.306,5.056,5.041,5.402,5.48,4.963,5.003,5.348,5.014,5.161,5.073,5.542,5.03,5.134,5.248,5.183
28,H2',4.801,4.344,4.807,4.94,4.491,4.935,4.786,4.52,4.66,4.931,4.925,4.735,4.926,4.392,4.907,4.748,4.237,4.839,5.028,4.686
28,H3',4.629,4.155,4.734,4.846,4.333,4.821,4.727,4.338,4.458,4.855,4.834,4.616,4.899,4.183,4.893,4.501,4.07,4.731,4.876,4.558
28,H4',4.586,4.134,4.677,4.893,4.283,4.861,4.626,4.246,4.382,4.865,4.819,4.556,4.854,4.16,4.867,4.423,3.989,4.63,4.832,4.53
28,H5',4.585,4.096,4.511,4.551,4.267,4.813,4.571,4.242,4.392,4.561,4.521,4.682,4.533,4.12,4.554,4.502,4.054,4.574,5.012,4.383
28,H5'',4.072,3.625,3.954,3.941,3.726,4.254,4.076,3.722,3.917,3.966,3.943,4.157,3.977,3.64,3.934,3.977,3.623,4.117,4.567,3.849
28,H8,6.832,6.452,6.778,6.82,6.642,6.856,6.762,6.659,6.75,6.831,6.793,6.815,6.818,6.525,6.885,6.811,6.425,6.762,6.937,6.739
28,HO2',2.935,2.867,2.95,2.98,2.902,2.94,2.922,2.878,2.9,2.932,2.982,2.885,2.945,2.976,2.956,2.898,3.016,2.9,2.943,2.936
28,N1,158.394,157.722,157.467,158.036,158.37,158.033,158.319,156.921,156.579,157.756,157.992,156.98,158.433,156.815,158.975,156.149,158.827,157.99,157.48,158.501
28,N2,91.147,91.322,91.006,89.677,89.394,91.604,90.524,90.547,90.483,90.423,90.389,90.765,89.902,91.702,90.175,90.947,89.807,90.587,92.3,89.568
28,N3,179.918,179.285,179.289,180.491,180.966,179.393,179.2,181.322,182.061,180.342,179.388,180.049,179.186,181.372,179.235,181.999,180.179,179.035,179.299,179.777
28,N7,244.183,243.757,246.22,246.754,242.461,248.428,245.788,239.422,238.712,245.957,246.112,242.862,245.615,242.994,247.063,238.412,247.206,243.829,245.614,244.31
28,N9,182.035,182.781,184.031,184.973,181.784,185.774,185.153,180.992,181.418,184.609,184.574,184.966,184.66,182.684,183.277,181.33,184.442,184.453,186.783,183.136
28,P,-20.503,-17.478,-18.728,-19.18,-18.018,-20.969,-18.702,-18.067,-18.909,-19.136,-19.66,-18.645,-18.728,-16.876,-18.84,-18.647,-16.313,-20.002,-20.972,-18.76
29,C1',100.602,97.774,101.381,101.777,98.909,101.864,101.07,98.575,99.254,101.906,102.001,100.816,101.981,97.986,102.982,99.211,98.223,100.707,102.052,100.258
29,C2,151.715,151.312,153.304,153.963,151.236,152.337,152.433,151.112,150.927,153.918,153.859,150.543,154.064,151.248,154.442,150.219,151.367,152.056,150.978,152.592
29,C2',78.624,76.14,78.987,79.565,76.856,80.387,79.014,76.981,77.474,79.455,79.329,80.231,79.27,76.872,80.521,77.99,76.986,78.638,81.252,78.245
29,C3',75.27,72.475,76.022,76.91,73.755,77.37,76.208,73.302,74.099,76.99,76.911,76.922,76.935,72.955,78.525,74.424,73.556,75.79,78.178,74.884
29,C4,152.732,153.558,154.488,154.112,153.856,154.667,154.262,153.423,153.542,154.062,153.877,153.992,154.231,153.776,155.158,152.831,153.202,153.751,154.151,154.311
29,C4',83.447,79.712,84.157,84.837,81.191,85.598,83.715,80.145,81.064,84.74,84.254,84.227,84.55,79.791,85.474,81.365,81.003,82.993,85.775,82.2
29,C5,97.51,95.898,96.743,96.679,95.793,98.785,97.013,94.809,94.496,96.615,97.042,97.053,96.709,94.835,97.061,95.465,96.405,96.521,99.02,95.89
29,C5',68.676,64.655,67.47,67.367,65.567,71.195,68.793,65.892,67.499,67.707,67.739,71.224,67.541,65.145,67.802,67.529,66.0,68.905,73.971,66.529
29,C6,138.09,137.679,139.617,139.59,136.839,141.149,139.765,135.981,136.272,139.273,139.676,138.083,139.535,136.772,139.594,135.705,137.235,139.111,140.771,138.104
29,H1',6.051,5.691,6.226,6.411,5.728,6.252,6.122,5.772,5.859,6.385,6.323,5.915,6.4,5.69,6.289,5.903,5.573,6.156,6.167,6.069
29,H2',5.043,4.56,4.893,4.888,4.518,4.993,4.871,4.416,4.626,4.85,4.948,4.684,5.011,4.267,4.874,4.759,4.39,4.914,5.069,4.559
29,H3',4.505,4.075,4.6,4.814,4.336,4.712,4.585,4.349,4.399,4.751,4.797,4.561,4.764,4.219,4.87,4.538,3.951,4.54,4.75,4.463
29,H41,9.611,9.203,9.562,9.742,9.507,9.404,9.449,9.513,9.546,9.689,9.77,9.442,9.723,9.306,9.807,9.616,9.186,9.516,9.464,9.536
29,H42,5.639,4.993,4.857,4.8,5.074,4.911,4.875,5.124,5.346,4.813,4.782,5.243,4.727,5.059,4.61,5.314,5.704,4.91,5.158,4.961
29,H4',4.605,4.106,4.709,4.848,4.185,4.752,4.646,4.276,4.44,4.831,4.793,4.494,4.863,4.105,4.865,4.421,4.049,4.665,4.817,4.515
29,H5,4.854,4.485,4.713,4.784,4.587,4.933,4.737,4.547,4.654,4.823,4.814,4.784,4.767,4.545,4.725,4.722,4.502,4.797,5.08,4.728
29,H5',4.545,4.026,4.439,4.472,4.142,4.75,4.512,4.207,4.368,4.484,4.431,4.635,4.485,4.084,4.517,4.464,4.015,4.55,4.994,4.304
29,H5'',4.063,3.632,3.978,3.984,3.742,4.355,4.064,3.761,3.926,4.015,3.947,4.249,3.994,3.683,3.92,4.0,3.619,4.076,4.588,3.861
29,H6,7.56,7.305,7.607,7.639,7.37,7.785,7.62,7.441,7.565,7.636,7.584,7.693,7.627,7.396,7.557,7.585,7.207,7.626,7.894,7.585
29,HO2',3.079,3.016,3.033,3.041,2.942,2.974,3.027,2.895,2.84,3.028,3.016,2.945,3.076,2.952,2.969,2.909,3.176,2.921,3.031,2.981
29,N1,166.491,167.274,170.721,171.111,166.662,170.776,169.968,166.464,166.66,170.799,171.13,167.954,171.232,167.239,171.375,165.493,165.452,169.168,169.793,169.227
29,N3,214.507,214.545,216.086,215.745,216.901,214.324,213.701,215.957,215.201,215.353,214.445,213.671,214.879,215.065,219.001,213.313,211.105,214.236,212.432,216.263
29,N4,123.247,113.527,113.61,114.072,114.07,114.291,113.51,113.474,113.177,114.514,115.065,115.375,114.633,113.649,115.144,113.794,124.424,114.15,115.4,114.727
29,P,-21.434,-18.794,-18.826,-18.857,-19.609,-21.6,-19.307,-17.708,-19.005,-19.711,-20.162,-19.593,-19.804,-17.034,-20.804,-20.739,-17.548,-20.068,-22.328,-18.386
30,C1',96.971,94.467,99.257,98.93,95.471,99.733,98.168,94.868,96.49,97.878,99.024,97.931,99.404,94.02,101.224,96.361,96.63,98.237,99.687,97.536
30,C2,150.473,151.801,151.122,151.496,151.203,150.342,150.121,147.836,148.715,151.784,154.473,147.712,152.673,148.666,152.291,149.596,150.91,149.374,147.196,150.315
30,C2',78.228,77.418,79.281,80.175,78.659,81.793,79.781,77.861,78.714,81.844,80.572,81.533,81.745,78.177,81.14,78.801,78.031,79.121,82.438,79.292
30,C3',75.633,73.107,76.591,77.292,73.478,78.16,76.062,72.357,74.535,77.139,76.268,76.272,77.594,72.035,84.249,73.848,74.005,75.486,78.876,74.926
30,C4,152.717,152.831,152.763,152.222,153.336,153.0,151.934,150.957,152.454,151.888,151.805,151.706,152.583,151.17,154.496,150.859,153.578,151.399,151.47,152.845
30,C4',82.652,79.907,84.773,85.939,81.61,85.892,82.976,79.752,81.533,84.334,84.766,83.901,84.837,79.296,84.546,80.939,82.079,82.862,86.821,83.67
30,C5,97.304,95.697,95.299,95.517,95.708,97.863,95.776,93.584,93.817,94.928,96.155,95.453,96.07,93.983,93.437,94.445,95.631,94.515,96.924,95.309
30,C5',68.263,64.214,67.124,67.475,65.323,70.785,67.975,64.906,67.094,67.618,67.214,70.271,66.902,64.814,73.333,66.692,65.743,67.551,73.621,66.292
30,C6,137.922,138.571,142.325,142.755,137.603,144.286,142.052,137.938,138.46,141.81,139.818,139.586,142.389,138.786,142.764,135.67,137.737,140.781,143.253,141.059
30,H1',6.303,6.046,6.493,6.727,6.195,6.561,6.633,6.21,6.203,6.807,6.905,6.463,6.74,6.132,6.316,6.345,5.822,6.521,6.477,6.282
30,H2',4.875,4.393,5.055,5.139,4.359,5.058,4.835,4.255,4.602,4.926,4.939,4.659,4.909,4.023,5.249,4.522,4.124,4.997,5.364,4.665
30,H3',4.608,4.216,4.576,4.839,4.483,4.672,4.6,4.341,4.401,5.107,4.835,4.579,4.628,4.219,4.577,4.544,4.112,4.575,4.679,4.497
30,H41,9.409,4.817,4.944,4.974,5.061,4.843,4.78,4.903,5.028,4.95,5.084,4.928,5.094,4.805,4.845,5.036,8.909,4.835,4.832,4.973
30,H42,4.998,4.816,4.762,4.73,4.996,4.761,4.894,5.028,5.071,4.901,4.829,5.189,4.623,4.944,4.747,5.125,5.013,4.707,5.033,4.763
30,H4',4.694,4.177,4.73,4.872,4.258,4.798,4.766,4.293,4.42,4.873,4.922,4.492,4.899,4.14,5.2,4.516,4.048,4.653,4.832,4.455
30,H5,5.376,5.017,5.226,5.256,5.086,5.447,5.319,5.078,5.093,5.246,5.392,5.335,5.371,5.01,5.409,5.316,5.024,5.339,5.5,5.088
30,H5',4.439,3.95,4.364,4.362,4.073,4.681,4.403,3.989,4.266,4.487,4.32,4.371,4.369,3.872,4.418,4.266,3.858,4.417,4.837,4.253
30,H5'',4.037,3.632,3.976,3.974,3.758,4.319,4.075,3.732,3.865,3.944,3.962,4.191,4.009,3.606,4.786,3.966,3.503,4.139,4.587,3.84
30,H6,8.078,8.038,8.03,8.043,8.066,8.23,8.164,8.073,8.087,7.999,8.098,8.158,8.047,8.015,8.032,8.251,7.884,8.19,8.37,7.99
30,HO2',2.935,3.085,2.851,3.094,3.14,2.934,2.916,2.929,2.908,2.909,3.004,2.853,2.944,2.909,3.126,2.85,3.218,2.932,2.915,2.934
30,N1,167.693,171.016,176.454,176.931,170.028,177.296,177.374,173.022,171.865,178.769,175.017,175.747,178.393,173.888,174.812,168.548,167.99,175.227,174.736,174.746
30,N3,211.522,225.447,221.286,213.973,225.251,212.327,218.208,213.088,212.463,214.736,219.265,210.596,213.016,211.294,227.926,217.224,210.197,216.584,216.626,213.344
30,N4,113.259,102.312,97.678,100.11,103.538,99.419,99.279,100.696,98.337,103.457,106.481,105.63,103.229,102.602,97.375,103.508,111.86,101.933,99.153,98.458
30,P,-21.602,-19.004,-21.163,-20.826,-19.409,-22.316,-21.532,-20.275,-20.332,-21.088,-21.516,-23.051,-20.663,-19.019,-18.022,-21.893,-19.585,-21.122,-24.232,-21.399
31,C1',101.152,96.738,98.638,101.681,97.764,101.742,100.406,98.791,99.516,103.146,101.936,99.337,99.75,97.302,102.515,97.091,96.961,100.196,100.872,99.49
31,C2,147.094,147.209,146.885,148.271,147.26,147.395,146.828,146.907,147.739,149.242,149.89,147.935,150.269,146.721,148.514,148.384,146.895,148.491,145.898,148.1
31,C2',78.763,76.541,81.61,80.318,77.581,80.849,80.151,77.567,78.042,81.331,78.951,80.184,81.071,77.133,81.664,78.178,77.336,77.524,81.669,77.869
31,C3',75.802,71.996,75.118,78.412,72.559,76.082,76.659,71.697,72.621,82.609,75.139,74.864,76.995,71.197,78.176,72.181,73.291,73.6,79.911,72.727
31,C4,160.42,157.396,159.127,158.074,157.368,159.868,158.985,157.351,157.022,159.762,159.332,159.443,158.68,157.622,160.901,157.245,157.861,159.078,159.017,158.176
31,C4',82.516,79.964,82.256,84.826,81.48,84.789,84.356,82.238,82.304,83.593,84.742,83.758,81.655,80.336,85.577,82.733,81.311,81.371,85.376,83.029
31,C5,105.363,106.434,106.934,102.93,104.184,110.649,104.58,103.158,105.629,104.059,106.764,105.135,107.487,104.511,104.181,106.705,103.735,104.078,107.309,105.548
31,C5',68.783,64.753,66.87,67.212,66.106,71.994,67.78,65.537,67.47,74.533,67.694,71.018,66.984,65.377,67.823,67.597,65.811,67.812,73.495,67.101
31,C6,139.976,137.915,139.974,139.996,138.381,141.04,139.824,136.385,137.189,141.972,140.23,140.661,140.574,137.129,142.0,136.494,139.487,141.11,141.798,138.663
31,H1',6.505,6.054,6.335,6.871,6.19,6.551,6.473,6.24,6.269,6.261,6.875,6.093,6.529,6.069,6.025,6.811,6.023,6.273,6.566,6.607
31,H2',5.016,4.747,4.502,5.715,4.866,5.332,5.322,4.897,4.998,5.67,5.778,5.451,4.783,4.719,4.58,4.481,4.497,5.822,5.616,5.448
31,H3,7.52,7.154,7.457,7.636,7.321,7.447,7.371,7.161,7.264,7.473,7.775,7.307,7.81,7.084,7.61,7.413,6.559,7.272,7.301,7.34
31,H3',4.447,3.819,4.647,4.604,4.047,4.646,4.313,4.069,4.233,4.042,4.554,4.289,5.167,3.917,4.612,4.353,3.937,4.155,4.524,4.301
31,H4',4.835,4.113,4.828,5.174,4.347,4.893,4.89,4.287,4.39,5.12,4.854,4.546,4.998,4.181,4.992,4.544,4.266,4.945,5.109,4.666
31,H5,5.323,5.351,5.59,5.756,5.579,5.584,5.789,5.608,5.442,5.843,5.509,6.014,5.625,5.546,5.381,5.758,5.127,5.837,5.976,5.312
31,H5',4.361,3.831,4.151,4.365,3.94,4.508,4.307,3.937,4.121,4.654,4.182,4.386,4.254,3.776,4.206,4.201,3.978,4.388,4.829,4.103
31,H5'',4.097,3.683,4.014,4.065,3.775,4.317,4.203,3.695,3.946,4.661,4.038,4.22,4.251,3.65,3.966,3.985,3.729,4.226,4.77,3.897
31,H6,8.07,8.094,8.519,8.608,8.448,8.518,8.476,8.198,8.289,8.532,8.41,8.452,8.204,8.174,8.421,8.461,7.723,8.397,8.865,8.355
31,HO2',6.895,6.67,3.278,5.211,7.018,6.308,4.682,6.213,6.456,5.752,6.378,5.48,5.506,5.845,4.606,7.936,6.966,4.68,5.079,7.612
31,N1,175.958,173.32,175.065,176.862,174.218,177.718,174.662,170.926,173.336,179.394,178.797,178.0,178.111,171.573,181.342,170.828,173.228,177.116,176.261,175.419
31,N3,175.191,171.743,178.852,178.158,172.923,174.929,175.279,172.652,171.602,183.847,178.981,175.639,180.406,171.451,187.051,172.209,173.295,178.008,174.065,175.006
31,P,-20.679,-17.884,-19.702,-20.932,-19.845,-21.333,-21.373,-19.953,-19.441,-15.378,-20.239,-19.85,-19.672,-19.661,-19.572,-20.415,-16.288,-19.728,-21.48,-18.731
32,C1',99.533,95.533,99.697,100.278,97.229,100.395,99.325,96.637,97.656,100.338,99.611,99.558,100.188,94.997,101.121,97.417,96.71,98.48,101.361,98.419
32,C2,144.647,145.644,144.62,144.474,145.357,145.249,144.833,145.38,145.653,144.301,144.658,145.664,144.785,145.441,144.383,143.692,145.499,143.838,145.359,144.925
32,C2',78.603,75.999,78.749,78.983,77.021,80.242,78.846,76.651,77.219,79.598,78.674,79.551,80.048,75.857,79.098,70.751,76.853,77.989,81.752,77.655
32,C3',75.454,72.64,75.966,77.004,73.523,77.215,75.941,73.105,73.882,76.09,76.859,76.394,86.551,72.526,77.148,85.897,73.217,74.151,78.226,74.856
32,C4,147.814,145.912,147.066,147.315,147.136,147.979,146.566,147.161,147.54,147.589,147.715,147.267,148.218,146.654,148.309,150.697,146.025,145.875,146.755,147.507
32,C4',83.831,79.796,84.965,84.693,81.786,86.466,84.219,81.939,82.567,87.595,84.271,85.104,79.972,79.899,86.135,85.324,81.543,84.579,86.706,83.313
32,C5,119.309,118.397,120.657,120.128,118.681,119.785,119.725,118.785,118.161,119.972,119.365,118.307,119.49,118.16,120.211,116.912,118.706,116.72,119.099,119.479
32,C5',69.053,65.877,70.197,68.144,67.089,74.068,72.339,68.495,69.707,74.034,69.857,74.526,70.1,67.025,70.882,74.2,66.806,72.997,76.932,69.017
32,C6,151.476,151.152,151.625,151.623,150.803,151.53,151.387,150.484,150.146,151.642,151.263,150.083,151.757,150.75,151.732,150.916,151.445,150.193,150.795,151.179
32,C8,133.211,134.321,133.665,134.75,133.754,134.764,135.852,133.382,132.457,136.591,134.8,134.787,133.348,133.158,133.783,136.15,134.677,142.524,136.735,133.387
32,H1,6.437,6.553,6.771,6.769,6.623,6.75,6.69,6.707,6.686,6.748,6.83,6.725,6.778,6.513,6.785,7.059,6.462,6.572,6.771,6.601
32,H1',6.142,5.676,6.205,6.267,5.804,6.309,6.162,5.842,5.93,6.229,6.326,6.009,6.433,5.675,6.216,5.94,5.66,6.163,6.223,6.034
32,H21,4.937,4.815,4.721,4.665,4.983,4.909,4.71,5.07,5.148,4.733,4.767,5.153,4.85,4.88,4.802,5.008,4.723,4.778,5.018,4.914
32,H22,5.459,5.254,5.172,5.115,5.381,5.347,5.162,5.489,5.605,5.15,5.171,5.573,5.142,5.328,5.236,6.972,5.173,5.134,5.463,5.375
32,H2',5.396,4.795,5.335,5.503,5.069,5.433,5.403,5.046,5.091,5.345,5.434,5.266,5.487,4.842,5.414,5.853,4.634,5.409,5.386,5.162
32,H3',4.728,4.24,4.916,5.047,4.337,5.01,4.893,4.47,4.592,5.425,4.955,4.736,4.435,4.247,5.149,4.255,4.187,5.841,5.187,4.667
32,H4',4.579,4.003,4.621,4.707,4.122,4.744,4.603,4.156,4.272,4.814,4.793,4.425,5.063,4.068,4.784,4.418,4.003,4.506,4.678,4.408
32,H5',4.617,4.072,4.516,4.494,4.194,4.932,4.609,4.238,4.434,4.504,4.555,4.716,4.435,4.211,4.476,4.744,4.157,4.951,4.944,4.386
32,H5'',4.042,3.495,3.855,3.818,3.649,4.258,3.936,3.726,3.86,3.822,3.792,4.095,4.353,3.599,3.747,3.946,3.556,4.075,4.39,3.721
32,H8,7.795,7.666,7.718,7.911,8.139,7.842,8.253,8.112,7.689,8.38,7.791,7.791,7.566,7.606,7.988,7.862,7.298,8.044,8.24,7.695
32,HO2',2.785,2.928,2.83,2.791,2.813,2.876,2.88,2.804,2.812,2.803,2.77,2.838,2.984,2.908,2.728,5.171,3.004,2.979,2.876,2.813
32,N1,153.822,155.27,153.576,154.131,153.148,154.818,154.841,152.385,154.21,154.555,155.669,153.911,153.712,154.88,155.19,145.838,154.329,152.646,156.155,155.445
32,N2,84.888,82.202,84.284,83.312,82.682,84.559,84.138,82.438,83.948,82.362,82.814,84.588,82.401,83.461,81.591,89.582,83.449,82.998,84.169,82.709
32,N3,181.762,179.617,180.085,180.476,180.314,179.604,178.994,181.99,181.834,180.513,180.601,181.004,182.377,179.466,180.875,195.152,180.509,181.711,180.196,180.751
32,N7,245.691,246.388,244.713,246.788,241.626,249.75,245.248,238.785,239.191,241.453,247.976,243.21,252.816,244.928,247.464,240.437,247.876,221.471,244.511,244.826
32,N9,183.745,184.273,183.775,185.186,183.132,187.464,185.607,181.629,182.972,184.002,185.925,186.767,186.068,184.304,184.65,183.247,185.564,176.045,187.71,184.227
32,P,-16.68,-12.203,-13.227,-13.371,-12.53,-15.853,-13.178,-12.751,-13.722,-14.455,-12.675,-14.662,-21.601,-11.282,-12.582,-21.151,-14.971,-26.557,-16.98,-13.715
33,C1',94.443,93.189,96.952,98.016,94.094,98.856,96.536,93.238,95.674,102.612,98.694,97.643,98.287,93.014,97.971,94.578,94.034,97.302,98.575,97.644
33,C2,144.81,146.652,145.801,145.417,146.538,146.009,145.964,146.474,146.48,146.03,145.817,147.035,145.926,146.766,145.839,146.431,145.444,145.86,145.981,146.868
33,C2',83.692,76.652,79.761,80.931,77.259,81.785,80.163,76.979,78.134,80.281,80.65,80.885,79.895,76.67,80.757,77.609,81.391,78.825,83.079,78.36
33,C3',86.901,73.029,79.161,74.357,74.268,79.616,77.573,73.952,74.674,76.487,78.053,77.401,78.143,74.339,79.781,73.916,80.291,75.724,79.03,75.333
33,C4,147.716,145.411,146.513,146.34,145.93,146.327,146.15,145.985,146.457,146.11,145.808,146.59,147.707,145.737,147.145,147.52,145.968,146.719,145.564,146.374
33,C4',75.66,79.743,83.988,84.249,80.207,87.24,83.957,80.067,83.02,89.186,86.892,85.506,84.576,80.029,85.991,82.358,78.871,84.652,87.281,83.284
33,C5,119.561,120.028,120.523,121.22,119.738,120.495,121.161,119.58,119.102,120.847,120.248,119.336,120.772,119.809,121.09,117.849,119.282,121.2,119.874,120.3
33,C5',68.687,64.966,68.233,67.575,66.384,72.055,69.272,65.367,67.664,70.326,69.246,71.647,67.736,64.907,68.621,67.61,66.333,69.776,74.487,68.149
33,C6,152.639,151.875,152.263,152.335,151.621,151.892,152.35,150.992,150.648,152.752,151.694,151.245,151.857,151.25,152.256,150.372,152.504,153.119,151.512,152.705
33,C8,132.945,131.797,131.772,131.549,130.595,132.787,132.699,130.098,130.757,131.422,132.721,132.782,131.933,131.137,131.046,130.513,133.855,130.793,132.364,131.445
33,H1,6.994,6.632,6.7,6.741,6.731,6.763,6.716,6.752,6.844,7.105,6.756,6.974,6.93,6.661,6.714,6.942,6.771,6.921,6.72,7.147
33,H1',5.804,5.482,6.072,6.016,5.533,6.105,6.005,5.52,5.763,6.271,6.146,5.712,5.999,5.39,6.057,6.149,5.325,6.227,6.135,5.848
33,H21,5.292,5.019,4.861,4.838,5.153,4.936,5.021,5.163,5.283,4.892,4.785,5.23,4.758,4.948,4.896,5.356,5.064,5.055,5.202,5.141
33,H22,5.299,5.211,5.156,4.998,5.304,5.232,5.141,5.373,5.526,4.967,5.074,5.447,5.043,5.239,5.173,5.672,4.955,5.151,5.337,5.198
33,H2',6.821,4.884,5.449,5.755,4.946,5.651,5.281,5.007,5.305,5.34,5.806,5.562,5.61,4.823,5.709,5.697,5.795,5.475,5.544,4.268
33,H3',6.162,4.413,5.186,5.465,4.56,5.139,5.29,4.785,4.49,5.542,5.424,5.28,5.146,4.453,5.69,4.634,5.007,4.749,5.439,4.917
33,H4',4.246,4.098,4.769,4.846,4.242,4.735,4.7,4.259,4.388,4.712,4.784,4.51,4.768,4.156,4.862,4.478,3.855,4.651,4.841,4.445
33,H5',4.185,3.883,4.278,4.275,3.997,4.467,4.299,4.032,4.132,4.123,4.258,4.326,4.098,3.866,4.358,4.573,3.704,4.252,4.645,4.029
33,H5'',4.037,3.603,3.945,3.972,3.686,4.225,4.028,3.708,3.849,3.995,3.941,4.185,3.909,3.615,3.977,4.067,3.501,3.994,4.441,3.714
33,H8,7.697,7.441,7.603,7.682,7.398,7.762,7.647,7.448,7.673,7.659,7.621,7.827,7.39,7.406,7.719,7.758,7.507,7.758,7.719,7.769
33,HO2',2.613,2.917,2.893,2.761,2.789,3.054,3.011,2.904,3.056,4.121,3.128,2.847,2.862,2.888,2.809,3.018,2.963,3.024,2.934,3.211
33,N1,153.393,158.614,158.825,156.917,157.38,159.541,156.326,157.752,157.61,159.628,158.56,157.508,155.674,158.102,158.874,154.385,156.74,156.683,158.753,159.438
33,N2,81.565,79.596,81.526,78.362,81.16,81.864,78.207,81.412,81.775,78.956,82.919,82.685,78.93,80.749,80.321,84.019,80.443,78.724,80.377,79.822
33,N3,180.526,178.594,177.379,177.601,178.193,177.292,178.551,179.497,180.756,180.435,176.531,180.598,179.623,177.678,178.852,178.993,178.794,179.986,177.572,177.997
33,N7,247.729,245.598,248.022,260.57,242.879,247.433,259.948,242.355,240.093,256.79,242.7,242.145,251.37,246.245,247.629,241.013,248.682,265.709,256.789,244.926
33,N9,184.209,182.683,183.233,185.225,182.131,185.768,182.658,180.561,182.634,184.538,182.84,184.459,184.906,181.885,181.874,183.739,186.111,181.575,182.966,182.647
33,P,-19.475,-17.088,-18.696,-19.278,-17.149,-20.662,-20.115,-17.07,-18.717,-20.564,-20.788,-20.64,-19.398,-17.194,-18.83,-17.73,-18.356,-21.481,-23.01,-20.597
34,C1',87.972,97.311,99.898,102.718,97.622,101.251,100.503,96.359,96.778,101.353,99.309,100.344,99.968,94.887,103.098,98.48,81.951,100.364,102.697,95.105
34,C2,147.933,141.371,145.394,141.85,142.662,143.862,142.935,139.712,142.467,141.17,144.034,141.772,143.969,141.756,146.862,142.038,149.157,134.132,139.664,142.161
34,C2',78.237,80.354,82.931,83.643,80.34,84.573,83.51,81.77,81.774,80.883,83.712,82.265,83.805,80.877,83.917,81.625,79.387,81.062,84.83,66.842
34,C3',83.973,76.589,81.491,81.139,78.37,82.947,80.321,75.973,78.337,76.798,79.756,76.4,81.415,75.561,79.977,76.795,79.994,76.13,80.636,77.568
34,C4,150.901,149.541,154.486,151.363,151.07,151.264,152.035,149.412,149.467,153.355,151.867,150.429,152.62,149.754,156.999,149.263,151.327,151.457,149.717,149.132
34,C4',83.823,78.095,80.101,87.644,75.97,82.059,83.422,79.182,79.376,83.425,82.766,81.182,83.225,76.559,85.662,80.85,84.105,82.024,86.535,86.773
34,C5,115.832,115.128,115.501,116.971,114.867,115.943,115.505,114.036,115.088,115.234,116.627,111.964,116.902,114.681,116.595,114.203,115.868,114.955,113.311,117.104
34,C5',83.73,72.347,73.947,71.381,73.31,76.963,73.142,68.377,70.178,67.401,71.865,70.262,72.407,69.867,73.348,71.616,78.016,71.116,79.562,69.753
34,C6,154.937,150.97,151.006,151.73,149.758,150.424,151.577,149.281,148.561,151.647,150.516,147.995,150.687,149.801,152.162,148.193,155.25,150.291,148.795,150.536
34,C8,129.621,130.094,130.164,132.231,129.252,131.952,132.133,128.496,129.493,130.523,131.005,131.844,131.157,129.616,130.755,130.14,130.431,127.29,134.174,132.939
34,H1,14.204,8.09,8.633,9.661,7.991,7.922,9.008,7.576,7.783,9.451,9.074,8.196,7.888,7.606,9.191,8.216,13.461,8.814,8.914,9.232
34,H1',5.603,5.783,6.088,6.267,5.814,6.298,6.094,5.89,5.927,6.365,6.202,6.128,6.192,5.719,6.185,6.147,5.167,6.179,6.294,5.392
34,H21,9.232,7.164,8.26,7.344,7.887,7.296,7.219,8.293,8.057,6.84,7.205,7.297,6.969,7.977,6.536,8.01,7.723,8.517,7.806,7.138
34,H22,7.223,11.776,10.073,6.189,11.064,9.118,9.258,11.051,7.458,8.488,9.613,5.947,9.07,10.345,9.131,9.481,6.862,8.736,7.099,8.557
34,H2',4.964,4.7,5.097,5.269,5.033,5.351,5.142,4.799,4.843,5.494,5.431,5.297,5.373,4.647,5.141,5.241,4.369,5.283,5.429,5.262
34,H3',4.784,4.02,4.645,4.883,3.944,4.648,4.543,4.111,4.31,5.201,4.55,4.627,4.718,3.847,5.199,4.048,4.394,5.027,4.677,4.167
34,H4',5.713,3.987,4.71,5.01,4.24,4.723,4.592,4.271,4.403,4.634,5.102,4.372,5.011,4.19,4.81,4.366,5.036,4.386,4.698,4.439
34,H5',4.614,3.835,4.24,4.378,4.115,4.568,4.232,3.896,4.026,4.389,4.176,4.237,4.163,3.94,4.145,4.213,4.076,4.586,4.877,3.929
34,H5'',4.525,5.013,5.314,4.622,4.957,5.328,5.53,5.142,4.767,4.269,5.729,4.619,5.292,4.56,6.073,5.222,3.785,4.453,6.114,3.83
34,H8,7.821,7.151,7.459,7.513,7.275,7.677,7.556,7.376,7.492,7.407,7.476,7.588,7.537,7.224,7.54,7.591,7.379,7.327,7.884,7.343
34,HO2',1.164,3.146,2.92,3.798,2.918,2.969,3.113,3.234,3.1,2.844,3.322,2.809,3.093,3.286,3.07,3.058,1.884,2.952,3.437,-0.226
34,N1,160.458,153.496,151.009,154.44,154.844,151.43,152.359,151.136,150.486,150.926,153.465,151.404,152.289,152.588,151.956,149.648,161.726,144.36,150.241,153.394
34,N2,94.573,92.842,93.011,80.493,88.799,88.692,93.37,96.878,86.737,97.827,88.923,94.439,89.312,92.588,95.38,89.782,96.892,95.765,90.306,95.365
34,N3,197.583,169.197,186.52,188.155,174.401,179.876,178.076,168.997,176.13,185.026,178.852,174.323,180.818,172.091,190.959,174.459,200.187,172.614,170.704,180.129
34,N7,248.522,257.405,256.563,256.7,252.749,260.184,255.886,249.677,249.717,251.438,257.973,253.406,258.284,252.775,252.945,249.031,247.946,249.657,256.724,248.756
34,N9,183.095,176.275,176.728,179.15,174.134,180.63,178.916,173.789,175.985,182.107,177.783,181.194,179.168,174.802,177.681,175.978,188.789,180.492,181.698,177.375
34,P,-20.099,-22.913,-18.767,-18.911,-26.412,-24.459,-21.301,-24.31,-25.66,-17.322,-19.945,-17.306,-22.14,-27.899,-20.6,-21.756,-23.209,-17.747,-22.423,-22.617
35,C1',100.838,93.977,99.14,100.979,95.436,102.516,98.437,95.127,99.095,98.511,99.414,99.08,101.776,94.682,100.034,96.864,98.154,100.735,99.993,98.308
35,C2,152.415,152.454,152.712,153.196,152.03,154.694,153.728,153.186,154.331,151.541,151.503,154.257,152.697,153.649,150.198,152.286,152.848,153.198,155.169,151.444
35,C2',76.761,76.827,80.855,79.967,76.378,83.085,81.353,76.632,80.238,79.098,78.935,79.989,81.549,76.255,80.182,77.772,75.855,80.094,81.601,76.983
35,C3',75.898,78.701,83.556,77.176,74.246,84.844,82.964,73.305,81.211,78.397,77.476,77.348,84.189,72.516,81.461,74.564,74.109,84.511,79.406,84.095
35,C4,143.717,143.976,145.797,145.446,144.777,144.407,143.851,144.099,144.41,144.435,146.406,142.971,146.158,143.553,147.972,144.671,142.084,144.599,143.207,146.463
35,C4',83.328,76.245,82.013,85.216,79.793,83.394,82.029,80.352,78.706,85.612,84.269,84.839,83.055,79.609,83.073,81.138,81.886,79.68,85.859,73.911
35,C5,118.453,118.513,118.74,117.43,117.916,117.31,117.716,116.879,116.386,118.202,119.509,115.881,118.911,116.997,121.226,116.094,117.729,117.666,114.777,115.227
35,C5',72.194,70.39,73.231,67.298,65.076,78.008,74.725,64.979,72.68,67.009,66.804,70.256,73.774,64.68,74.891,67.421,69.874,70.236,73.537,67.084
35,C6,149.191,148.88,147.854,146.988,148.9,148.059,147.664,147.417,148.191,147.123,149.051,147.755,148.01,148.185,148.03,148.607,149.734,148.216,146.894,147.436
35,C8,134.663,133.04,135.331,134.306,131.591,135.304,135.069,131.933,134.197,134.973,133.449,134.48,135.883,133.101,132.295,131.2,136.192,133.594,134.385,138.045
35,H1',6.399,5.438,5.682,6.072,5.87,5.792,5.624,5.721,5.464,5.995,6.569,5.577,6.032,5.708,5.115,6.094,6.032,5.646,6.212,6.057
35,H2,7.752,8.178,8.152,8.301,8.369,8.266,8.108,8.109,8.121,8.2,8.468,8.137,8.21,8.072,8.252,8.449,7.428,8.271,8.407,8.114
35,H2',6.057,5.056,5.27,5.369,5.016,5.566,5.123,4.582,5.182,5.284,5.29,4.993,5.586,4.478,5.527,4.941,5.329,5.45,5.329,4.531
35,H3',5.018,3.793,4.458,5.077,4.377,4.566,4.488,4.596,4.159,4.951,4.924,4.742,4.626,4.402,4.32,4.639,4.587,4.595,5.001,4.696
35,H4',4.626,4.062,4.788,4.755,4.245,4.881,4.641,4.153,4.415,4.665,4.806,4.302,5.055,4.084,5.885,4.386,4.189,4.829,4.796,4.561
35,H5',5.408,4.102,4.444,4.206,3.862,4.836,4.555,3.95,4.365,4.239,4.193,4.384,4.467,3.872,4.433,4.222,4.963,4.79,4.704,4.858
35,H5'',4.406,4.187,4.74,4.133,3.815,5.065,4.863,3.856,4.496,4.069,4.084,4.349,4.806,3.759,4.549,4.164,3.997,4.49,4.656,4.383
35,H61,8.007,10.089,11.288,10.223,10.48,11.499,10.538,11.655,11.629,10.968,9.819,11.379,11.113,11.61,10.931,9.936,8.205,10.824,10.906,11.071
35,H62,8.274,5.568,5.401,5.43,5.519,5.396,5.275,5.399,5.449,5.542,5.601,5.442,5.545,5.437,5.544,5.521,7.733,5.502,5.353,5.383
35,H8,8.624,7.345,8.324,8.09,7.298,8.231,8.323,7.897,8.174,8.059,7.432,8.163,8.164,7.771,7.808,7.538,8.725,7.954,8.258,7.768
35,HO2',3.143,3.098,2.92,3.249,2.881,3.307,2.844,2.783,3.186,2.661,2.993,2.873,3.275,2.955,2.764,2.814,3.362,3.151,2.845,2.819
35,N1,234.904,238.449,240.11,247.911,236.413,244.46,246.528,239.337,240.731,245.512,237.288,250.472,242.922,243.051,247.924,238.298,238.733,249.771,253.506,242.197
35,N3,225.504,237.507,238.541,233.21,235.665,239.006,234.93,234.532,238.16,231.814,237.743,233.593,239.272,234.18,240.766,236.527,228.726,236.385,232.764,233.223
35,N6,121.653,101.139,102.192,109.682,99.863,100.571,106.468,104.271,100.206,106.548,103.121,104.149,97.923,103.47,104.757,102.88,117.684,102.376,108.816,106.96
35,N7,254.695,239.775,231.995,240.448,235.8,229.648,235.455,234.939,221.93,233.797,239.186,232.502,230.841,236.284,234.214,232.958,258.36,234.443,237.858,233.41
35,N9,181.806,184.278,185.797,191.392,184.602,187.04,186.75,185.551,184.436,184.405,188.588,187.219,188.42,186.322,187.897,185.843,183.494,189.502,189.111,187.335
35,P,-17.084,-13.19,-15.505,-19.678,-17.02,-16.662,-14.946,-16.937,-15.932,-21.786,-17.289,-17.926,-15.018,-14.241,-16.03,-17.294,-12.562,-21.722,-20.487,-17.345
36,C1',99.761,96.457,100.028,100.039,97.414,100.552,99.527,96.908,97.428,100.029,100.174,99.427,100.24,96.38,101.492,97.764,97.378,98.765,100.585,98.521
36,C2,147.036,147.826,148.142,146.857,147.443,147.862,148.825,147.723,147.511,146.922,146.875,147.678,147.057,147.859,147.928,147.276,148.378,148.572,148.599,147.463
36,C2',77.778,75.831,78.511,78.872,76.373,79.725,78.709,76.219,76.896,78.753,78.646,79.272,78.86,75.854,79.373,77.067,76.733,78.107,80.536,77.454
36,C3',76.08,72.62,76.02,76.93,73.837,77.416,76.131,73.276,74.048,76.581,76.954,76.72,76.715,73.112,77.143,74.458,74.137,75.92,78.269,74.853
36,C4,150.086,148.951,150.459,150.243,149.378,150.262,150.029,149.647,150.007,150.284,150.344,149.7,150.366,149.032,151.22,149.863,148.503,150.212,150.134,149.731
36,C4',82.94,79.65,84.154,84.859,80.838,85.639,83.95,80.315,81.762,84.559,84.63,84.579,84.902,79.814,85.551,81.407,81.02,83.24,86.344,82.718
36,C5,118.762,118.016,119.132,118.679,117.735,118.819,118.733,117.644,117.278,118.84,118.83,117.354,119.203,117.739,120.184,117.15,118.962,118.512,117.959,118.172
36,C5',67.943,65.97,68.232,67.303,66.204,70.568,69.681,65.76,66.773,68.741,67.683,71.298,66.509,65.43,67.887,68.475,65.491,67.773,74.525,66.927
36,C6,153.872,155.579,155.749,155.298,154.639,155.437,155.736,154.486,154.101,155.435,155.496,154.222,155.277,155.075,156.063,153.805,154.326,155.677,154.889,155.133
36,C8,130.596,130.307,129.866,129.824,129.533,130.953,130.646,128.564,128.711,129.874,130.36,130.827,130.581,129.497,129.234,129.232,131.59,130.249,131.326,128.439
36,H1,12.978,12.613,12.51,13.011,12.783,13.027,12.495,12.902,12.993,13.078,13.028,13.065,13.083,12.698,12.672,13.015,12.333,12.554,12.705,12.889
36,H1',6.318,5.534,6.142,6.158,5.538,6.205,6.152,5.676,5.853,6.155,6.155,5.848,6.318,5.544,6.384,5.856,5.84,6.249,6.202,5.789
36,H21,9.64,9.28,9.149,9.511,9.498,9.557,9.138,9.62,9.718,9.57,9.512,9.79,9.507,9.43,9.19,9.87,9.047,9.182,9.407,9.485
36,H22,5.163,5.053,4.939,4.828,5.18,5.075,4.948,5.315,5.297,4.893,4.901,5.348,4.984,5.104,5.026,5.466,5.065,5.027,5.285,4.971
36,H2',4.719,4.187,4.673,4.796,4.345,4.784,4.7,4.367,4.477,4.772,4.786,4.621,4.805,4.248,4.813,4.581,4.177,4.706,4.857,4.449
36,H3',4.822,4.329,4.87,4.968,4.416,4.916,4.842,4.465,4.604,5.011,4.96,4.773,5.021,4.311,5.037,4.642,4.246,4.877,4.981,4.704
36,H4',4.615,4.053,4.698,4.744,4.177,4.745,4.641,4.236,4.326,4.811,4.767,4.518,4.761,4.077,4.856,4.402,4.033,4.619,4.812,4.361
36,H5',4.722,3.806,4.23,4.691,3.985,4.947,4.273,4.058,4.495,4.175,4.322,4.53,4.656,3.962,4.21,4.293,4.252,4.788,4.827,4.119
36,H5'',3.987,3.638,3.954,3.945,3.758,4.278,4.1,3.823,3.853,4.029,3.977,4.277,3.923,3.689,3.959,4.078,3.578,4.08,4.641,3.794
36,H8,7.452,6.156,6.652,6.919,6.641,6.722,6.714,6.704,6.598,6.763,6.748,6.849,6.71,6.511,6.731,6.892,6.973,6.876,7.089,6.64
36,HO2',2.877,2.986,3.065,3.087,2.955,2.971,3.064,2.993,2.875,3.039,3.084,3.021,3.067,2.947,3.101,2.905,3.145,2.981,2.983,3.046
36,N1,156.635,157.523,159.706,158.002,156.529,159.018,160.552,157.872,156.173,157.549,156.954,156.525,159.11,157.181,160.855,155.07,159.929,160.107,159.542,157.573
36,N2,90.236,91.042,92.254,90.172,90.124,90.826,94.453,89.366,90.573,90.283,90.53,90.582,88.754,91.354,91.624,91.095,89.967,94.742,93.858,90.663
36,N3,179.233,179.429,179.689,180.383,181.656,178.351,179.239,182.1,182.756,179.79,180.301,180.674,179.797,180.338,178.766,182.825,180.648,179.993,178.509,180.524
36,N7,249.551,244.58,246.53,249.608,241.717,249.964,247.734,240.676,240.313,247.04,246.955,242.531,247.476,243.447,246.879,238.714,254.903,245.571,247.003,249.142
36,N9,183.278,182.646,183.282,184.478,181.257,185.66,184.162,180.629,181.152,184.089,183.926,184.252,184.322,181.615,182.267,180.974,184.385,183.435,186.372,182.281
36,P,-22.192,-16.785,-18.4,-19.925,-17.902,-21.34,-19.149,-18.438,-18.945,-18.857,-19.046,-20.173,-18.089,-17.475,-18.888,-19.899,-18.829,-19.389,-20.928,-19.428
37,C1',100.73,97.493,101.215,101.587,98.545,101.941,100.943,97.864,98.87,101.731,101.694,100.797,101.588,97.525,102.781,99.05,98.036,100.24,102.124,99.711
37,C2,152.218,151.975,153.975,154.638,151.627,152.757,153.26,151.821,151.25,154.598,154.598,150.996,154.703,151.846,155.207,150.602,152.025,152.897,151.424,153.161
37,C2',78.037,76.023,78.7,79.111,76.652,79.841,78.786,76.35,77.185,79.048,78.905,79.495,79.067,76.232,79.343,77.317,76.678,78.438,80.744,77.575
37,C3',75.531,72.578,75.93,76.72,73.605,77.575,76.185,73.189,74.183,76.716,76.707,77.045,76.913,72.937,77.247,74.54,73.386,75.69,78.427,74.978
37,C4,154.469,154.379,154.959,154.42,154.028,155.141,154.613,153.797,153.719,154.506,154.555,153.766,154.617,154.146,155.603,152.878,155.124,154.294,154.577,154.666
37,C4',83.547,80.093,84.495,85.112,81.215,85.888,83.944,80.844,81.529,84.738,84.741,85.006,85.175,80.416,86.257,81.666,81.343,83.599,86.258,83.044
37,C5,96.208,94.266,95.432,95.575,94.272,97.716,96.078,93.451,93.393,95.125,95.764,98.476,95.218,94.404,96.116,94.3,95.144,96.092,97.752,95.245
37,C5',69.242,65.182,67.757,67.814,66.336,71.94,69.703,65.822,67.815,67.869,67.968,71.248,67.829,65.298,68.229,68.255,66.096,68.813,74.836,66.977
37,C6,139.834,139.188,140.692,140.528,138.3,142.014,141.483,137.396,137.254,140.58,140.355,136.64,140.987,137.722,141.121,136.769,139.452,140.222,141.693,139.115
37,H1',6.118,5.753,6.303,6.476,5.841,6.329,6.241,5.943,5.98,6.427,6.417,6.032,6.467,5.8,6.384,6.041,5.648,6.293,6.301,6.116
37,H2',4.682,4.269,4.744,4.875,4.375,4.84,4.723,4.43,4.508,4.863,4.819,4.725,4.856,4.307,4.822,4.602,4.14,4.763,4.904,4.544
37,H3',4.749,4.295,4.853,4.997,4.458,4.897,4.815,4.487,4.566,4.98,4.978,4.771,5.0,4.303,5.012,4.649,4.219,4.826,4.968,4.667
37,H41,9.398,9.108,9.499,9.608,9.367,9.306,9.36,9.448,9.508,9.63,9.618,9.827,9.623,9.229,9.661,9.574,9.018,9.409,9.334,9.49
37,H42,5.122,5.04,4.868,4.852,5.114,5.01,4.988,5.292,5.356,4.958,4.88,5.371,4.87,5.115,4.759,5.354,4.974,5.071,5.222,5.002
37,H4',4.61,4.085,4.762,4.936,4.269,4.833,4.725,4.327,4.463,4.915,4.882,4.583,4.873,4.161,4.929,4.48,4.039,4.709,4.864,4.519
37,H5,4.72,4.481,4.773,4.794,4.662,4.893,4.788,4.551,4.638,4.823,4.756,5.422,4.851,4.431,4.733,4.742,4.44,4.772,5.081,4.579
37,H5',4.47,3.97,4.414,4.455,4.118,4.679,4.449,4.151,4.262,4.432,4.414,4.607,4.428,4.009,4.457,4.389,3.933,4.478,4.915,4.237
37,H5'',4.083,3.747,4.039,4.029,3.811,4.337,4.13,3.849,3.952,4.044,4.012,4.272,4.067,3.723,4.023,4.061,3.637,4.128,4.608,3.881
37,H6,8.134,7.949,8.057,8.05,7.993,8.213,8.144,8.003,8.081,8.057,8.051,8.119,8.067,7.942,8.004,8.158,7.863,8.138,8.356,8.003
37,HO2',3.022,3.068,3.06,3.027,2.979,3.12,3.13,2.968,3.013,3.093,3.079,2.972,3.138,3.058,3.131,2.974,3.101,3.085,3.004,3.021
37,N1,167.619,166.973,169.957,170.284,166.442,169.842,169.756,165.775,165.715,170.188,169.949,163.336,170.717,165.878,171.312,164.639,167.533,168.309,168.693,167.747
37,N3,214.316,212.03,213.772,212.048,212.73,212.319,211.702,212.643,211.668,212.997,212.368,207.305,212.723,212.199,217.023,210.109,211.189,211.658,208.777,213.841
37,N4,112.394,111.37,112.556,112.569,112.376,112.472,112.126,111.781,112.232,112.419,112.626,129.256,112.849,111.63,113.391,112.206,112.074,112.562,113.824,112.328
37,P,-21.412,-17.356,-20.1,-20.822,-19.581,-21.806,-18.581,-19.044,-19.771,-20.139,-19.42,-21.371,-19.324,-18.411,-19.427,-20.338,-18.78,-19.784,-23.108,-19.605
38,C1',99.701,96.713,100.938,101.218,97.483,101.121,100.212,97.167,97.801,101.156,101.271,99.721,101.181,96.813,102.346,97.92,97.053,99.57,101.165,99.201
38,C2,148.685,148.147,150.104,151.188,148.337,149.747,149.625,148.88,149.178,151.116,150.993,149.013,151.021,148.547,150.952,148.707,148.235,149.625,149.591,149.489
38,C2',78.049,76.107,78.541,78.994,76.828,79.863,78.876,76.516,77.166,79.105,78.945,79.656,78.972,76.286,79.202,77.407,76.868,78.339,80.847,77.653
38,C3',75.474,72.548,76.068,77.128,73.458,77.849,76.808,73.238,74.776,77.541,77.178,76.778,77.028,72.705,77.201,74.24,73.454,75.487,78.526,75.099
38,C4,162.273,160.291,162.232,161.491,159.62,162.702,161.661,159.802,159.658,161.51,161.577,156.768,161.621,159.801,164.098,157.855,160.121,160.896,161.457,161.381
38,C4',83.657,79.939,84.171,84.848,81.642,85.779,84.254,80.492,81.837,85.122,85.29,84.461,85.035,79.896,86.23,81.728,81.296,83.304,86.566,82.688
38,C5,106.422,104.643,105.563,105.413,102.039,107.813,107.195,103.415,104.064,105.834,105.92,104.824,105.58,103.645,105.708,102.156,108.063,105.917,108.552,104.654
38,C5',68.838,65.149,68.216,67.99,65.563,71.255,69.08,66.068,67.357,67.905,67.596,71.476,67.634,66.073,67.727,67.748,66.06,68.525,74.138,67.056
38,C6,142.184,140.057,142.317,142.265,140.818,144.045,142.189,138.817,139.105,141.713,141.775,140.854,141.826,139.488,143.228,139.739,139.957,141.917,144.294,140.84
38,H1',6.258,5.851,6.324,6.556,5.953,6.422,6.317,5.977,6.111,6.52,6.47,6.07,6.541,5.869,6.476,6.1,5.787,6.354,6.381,6.201
38,H2',4.847,4.419,4.886,5.029,4.534,5.004,4.892,4.565,4.672,5.029,4.998,4.789,5.019,4.458,4.973,4.788,4.388,4.915,5.146,4.735
38,H3,13.409,12.84,13.718,13.975,13.105,13.631,13.539,13.098,13.242,13.905,13.89,13.244,13.916,12.935,14.084,13.182,12.934,13.474,13.336,13.49
38,H3',4.811,4.3,4.876,5.15,4.535,5.034,4.927,4.468,4.692,5.24,5.121,4.777,4.993,4.329,5.073,4.701,4.261,4.842,5.459,4.677
38,H4',4.664,4.139,4.767,4.948,4.145,4.876,4.693,4.355,4.46,4.889,4.856,4.642,4.899,4.231,4.884,4.429,4.143,4.728,4.913,4.545
38,H5,5.388,5.086,5.265,5.386,4.596,5.488,5.292,5.175,5.214,5.313,5.339,5.38,5.333,5.082,5.319,4.793,5.148,5.312,5.651,5.168
38,H5',4.507,4.032,4.42,4.46,4.037,4.744,4.504,4.156,4.335,4.457,4.463,4.627,4.447,4.061,4.481,4.344,4.069,4.508,5.029,4.282
38,H5'',4.129,3.695,3.988,4.042,3.618,4.362,4.126,3.802,3.964,4.068,4.043,4.281,4.002,3.744,3.962,3.983,3.66,4.144,4.621,3.871
38,H6,8.691,8.324,8.633,8.709,8.403,8.842,8.667,8.417,8.499,8.666,8.65,8.659,8.651,8.339,8.692,8.562,8.423,8.679,9.175,8.508
38,HO2',3.014,3.128,3.122,3.184,3.114,3.106,3.221,3.024,3.001,3.217,3.14,3.005,3.128,3.048,3.069,3.044,3.23,3.102,3.071,3.09
38,N1,173.922,169.793,175.201,175.207,170.852,175.725,173.857,170.352,170.739,175.169,174.91,168.901,175.101,169.804,177.454,170.315,169.892,173.164,175.002,173.012
38,N3,180.827,177.669,183.342,183.926,178.816,181.863,181.054,178.451,178.36,183.594,183.194,175.619,184.195,178.276,186.403,177.243,178.411,180.757,179.011,181.606
38,P,-20.604,-19.056,-20.067,-19.999,-21.221,-20.757,-19.857,-19.608,-20.542,-20.26,-19.737,-20.469,-20.371,-18.249,-20.849,-21.898,-18.344,-19.581,-22.571,-19.126
39,C1',100.498,97.182,101.149,101.293,98.242,101.962,100.804,98.176,98.987,101.534,101.535,100.754,101.803,97.756,102.352,100.456,97.817,100.243,102.088,100.048
39,C2,151.621,151.832,153.32,153.851,151.835,152.044,152.458,150.696,150.957,153.817,153.822,150.612,154.27,151.179,154.687,150.442,151.68,152.031,150.637,152.467
39,C2',78.426,78.096,79.222,79.115,78.074,80.427,79.208,76.126,77.321,79.189,79.437,80.932,79.795,76.599,79.343,79.141,76.732,78.407,81.152,77.758
39,C3',75.203,72.213,76.126,75.992,72.768,77.244,76.044,72.254,73.773,75.756,75.998,76.205,77.369,72.666,76.225,74.623,72.524,75.094,77.706,74.842
39,C4,155.421,152.756,153.981,153.273,153.88,154.024,154.39,152.835,153.334,153.819,153.905,154.045,154.57,153.537,154.509,152.887,154.787,153.39,154.127,154.463
39,C4',83.189,79.295,84.488,85.324,80.968,85.317,83.893,80.282,81.857,84.214,84.348,83.85,84.573,80.377,85.98,83.085,80.781,83.286,86.083,82.605
39,C5,98.242,96.33,97.299,96.089,95.152,99.614,98.9,94.91,95.042,97.254,97.168,97.88,97.473,95.001,97.006,94.417,94.752,97.292,101.104,95.646
39,C5',67.886,64.5,67.154,67.07,65.315,70.036,69.293,65.288,65.715,65.857,66.816,70.478,67.588,65.164,67.277,67.767,65.803,68.43,74.396,66.7
39,C6,138.545,138.466,140.763,141.201,138.662,142.188,141.057,138.518,137.18,140.664,140.818,140.69,140.796,138.193,142.578,136.795,139.75,140.919,141.576,139.311
39,H1',6.265,5.967,6.387,6.558,6.008,6.394,6.317,5.972,6.036,6.53,6.543,6.121,6.56,5.884,6.509,6.252,5.748,6.365,6.368,6.151
39,H2',5.235,4.325,5.252,5.54,4.618,5.355,5.194,5.02,5.17,5.557,5.463,4.866,4.915,4.74,5.412,5.305,4.857,5.33,5.615,4.986
39,H3',4.598,3.987,4.837,4.928,4.163,4.914,4.795,4.163,4.567,4.915,4.891,4.398,4.954,4.224,4.751,4.302,3.925,4.616,4.899,4.55
39,H41,9.956,9.161,9.613,10.177,9.595,9.506,8.996,9.644,9.581,9.592,9.609,9.468,9.901,9.298,9.766,9.781,9.649,9.603,8.846,9.663
39,H42,8.114,7.42,4.856,4.947,7.599,4.366,3.254,5.121,4.95,4.455,4.44,5.078,4.597,4.831,4.645,7.718,9.009,4.795,3.868,4.756
39,H4',4.619,4.124,4.705,4.813,4.245,4.797,4.755,4.309,4.329,4.807,4.815,4.559,4.877,4.135,4.822,4.504,4.049,4.686,4.877,4.485
39,H5,6.066,5.271,5.357,5.867,5.004,5.357,5.707,5.042,5.131,5.295,5.168,5.372,5.382,5.1,5.27,5.194,5.235,5.386,5.789,5.228
39,H5',4.513,4.017,4.417,4.449,4.101,4.705,4.579,4.137,4.217,4.337,4.39,4.576,4.455,4.058,4.411,4.443,3.956,4.505,5.018,4.295
39,H5'',4.074,3.721,3.968,3.972,3.793,4.34,4.089,3.79,3.904,3.91,3.934,4.2,3.96,3.713,3.909,4.008,3.585,4.092,4.594,3.842
39,H6,8.292,8.058,8.17,8.305,8.118,8.298,8.24,7.963,8.11,8.187,8.144,8.254,8.143,7.985,8.031,8.232,7.938,8.176,8.504,8.015
39,HO2',3.188,3.197,3.179,3.193,3.214,3.156,3.202,3.108,3.181,3.222,3.255,3.209,3.266,3.175,3.179,2.447,3.184,3.16,3.171,3.103
39,N1,167.93,165.789,170.661,171.144,166.154,170.323,169.725,166.605,166.492,170.984,170.998,168.395,171.189,167.241,172.177,164.363,167.729,169.863,168.931,169.054
39,N3,214.444,205.155,211.59,210.058,209.103,207.99,208.591,211.104,210.173,210.259,210.463,207.432,209.02,209.64,215.096,208.411,209.846,208.192,206.428,212.137
39,N4,118.676,120.505,111.79,117.557,115.753,116.508,108.856,107.848,109.984,111.245,111.01,108.5,113.84,112.402,109.41,116.022,115.501,111.763,110.234,112.71
39,P,-24.771,-19.366,-21.811,-22.823,-19.303,-25.066,-22.555,-19.175,-26.485,-24.799,-22.262,-22.079,-18.49,-18.309,-21.36,-21.148,-17.931,-20.012,-23.721,-20.076
40,C1',98.18,96.044,99.175,99.511,97.681,100.508,98.141,95.534,96.664,99.229,99.753,98.763,102.664,93.72,100.448,96.98,95.486,99.015,100.259,96.766
40,C2,149.104,147.657,150.912,151.97,147.347,150.787,150.749,147.984,150.623,152.557,152.37,149.089,149.816,149.484,150.432,148.444,147.319,150.745,149.61,148.921
40,C2',81.649,76.605,82.529,81.898,75.103,82.98,81.716,76.524,80.18,81.521,81.392,81.32,80.595,81.073,79.736,77.865,77.781,81.207,82.032,77.789
40,C3',75.519,73.055,76.553,77.595,74.268,77.69,75.996,73.316,74.43,77.39,77.436,77.744,76.226,78.464,78.538,74.873,73.941,76.283,78.637,75.388
40,C4,156.681,159.962,161.174,159.194,159.717,161.036,156.688,158.552,158.002,158.704,157.804,161.166,160.139,158.895,163.637,156.947,158.264,159.036,158.054,160.52
40,C4',82.244,81.658,83.705,84.448,81.834,86.537,82.992,80.995,80.661,83.461,84.509,85.827,86.345,77.549,86.477,81.728,80.957,84.497,83.613,81.83
40,C5,110.993,106.204,111.125,110.199,103.823,110.882,108.201,106.065,106.974,110.125,108.688,108.925,105.7,108.88,107.77,106.918,106.849,108.748,111.768,106.033
40,C5',67.789,65.694,65.711,66.586,65.813,70.73,67.427,64.914,65.156,66.8,67.576,71.073,68.341,64.154,67.58,70.406,64.787,67.511,72.868,65.929
40,C6,140.016,139.732,139.082,140.137,140.731,141.662,139.928,136.4,137.623,139.843,138.697,140.159,140.948,136.305,142.008,136.691,139.228,138.833,141.7,140.294
40,H1',6.208,5.757,6.465,6.691,5.628,6.475,6.317,5.849,6.119,6.355,6.672,5.974,6.426,5.712,6.085,6.112,5.486,6.593,6.511,6.241
40,H2',4.649,4.617,4.645,4.964,5.275,5.143,4.915,4.57,4.726,5.168,4.986,4.6,5.183,5.131,5.184,4.853,4.615,5.034,5.043,4.874
40,H3,12.399,10.502,12.143,13.162,12.4,11.821,11.833,11.612,11.717,12.873,12.68,11.683,12.761,11.159,11.777,13.165,7.416,11.508,11.628,12.057
40,H3',4.445,4.499,4.644,4.507,4.389,4.723,4.549,4.385,4.294,4.453,4.586,4.817,5.171,4.572,4.872,4.665,3.936,4.615,4.497,4.508
40,H4',4.559,4.224,4.763,4.912,4.353,4.822,4.749,4.338,4.406,4.878,4.812,4.563,4.873,4.163,4.943,4.607,4.146,4.714,4.789,4.56
40,H5,6.423,6.304,5.641,6.51,6.153,6.149,5.829,5.852,6.069,5.973,5.81,6.396,5.549,5.162,6.165,6.087,5.557,5.824,6.106,5.588
40,H5',4.59,3.915,4.268,4.503,4.011,4.753,4.47,4.067,4.162,4.45,4.384,4.41,4.422,4.079,4.344,4.541,3.733,4.454,4.996,4.323
40,H5'',4.071,3.762,4.456,4.127,3.773,4.449,4.241,3.678,4.313,4.043,4.022,4.244,4.019,3.622,4.029,4.241,3.632,4.298,4.583,3.91
40,H6,7.891,7.96,8.532,8.553,8.174,8.652,8.48,8.221,8.426,8.254,8.392,8.591,8.556,7.72,8.443,7.997,8.185,8.479,8.488,8.29
40,HO2',2.909,3.352,3.161,2.958,3.187,3.123,3.101,3.276,3.043,3.013,3.117,3.135,3.673,3.301,3.17,3.068,3.112,3.226,3.061,2.843
40,N1,166.973,166.061,172.683,171.969,168.321,172.245,168.288,167.663,168.692,170.271,168.691,172.977,176.91,167.617,177.342,172.596,167.939,169.657,168.221,173.457
40,N3,175.074,174.9,181.851,183.11,178.897,178.357,178.659,174.997,175.471,180.107,180.327,177.313,181.355,176.33,183.465,182.316,170.613,178.006,176.188,179.401
40,P,-21.924,-19.911,-19.333,-21.343,-17.794,-21.392,-21.282,-20.725,-19.565,-21.491,-20.43,-21.854,-19.959,-19.994,-20.236,-17.303,-16.593,-21.02,-23.974,-18.998
41,C1',100.104,97.726,102.127,102.025,98.784,103.108,100.397,99.488,100.977,102.483,101.337,101.029,98.63,94.26,102.367,99.106,99.117,102.409,101.819,99.5
41,C2,151.786,151.761,153.967,154.114,151.859,151.343,152.914,148.921,148.436,151.862,153.656,151.135,154.165,152.263,153.46,151.119,150.939,150.622,150.692,152.886
41,C2',77.59,76.18,78.308,78.971,76.586,79.749,78.884,76.81,77.735,78.706,78.754,79.371,77.743,76.11,80.211,77.268,76.059,79.113,80.825,76.029
41,C3',75.441,72.631,76.219,76.891,73.722,77.386,76.254,72.475,74.426,76.664,76.808,76.587,77.104,81.26,76.839,74.697,74.847,76.091,79.12,74.446
41,C4,155.496,154.363,156.282,155.972,155.23,156.086,155.717,153.891,154.591,155.397,156.176,154.337,154.443,153.882,155.087,154.189,155.386,155.052,155.47,154.39
41,C4',84.579,80.416,85.821,86.311,81.373,87.034,84.754,82.015,83.838,86.192,85.794,84.892,82.876,70.258,88.596,81.993,81.816,84.906,86.992,83.399
41,C5,98.763,93.875,94.795,97.896,94.644,97.318,99.208,92.005,93.853,96.246,97.672,95.461,95.176,94.673,93.084,94.694,95.646,96.205,99.973,94.538
41,C5',70.707,65.821,67.682,71.244,66.288,72.314,68.628,65.985,67.356,71.09,69.833,72.235,69.357,67.484,69.377,68.009,66.955,68.524,76.799,66.784
41,C6,138.969,139.262,140.985,139.044,138.621,142.23,139.857,136.913,136.16,139.404,140.097,139.773,141.736,137.597,140.84,137.366,137.616,138.564,140.129,139.563
41,H1',5.981,5.944,6.268,6.444,5.922,6.057,6.167,6.549,5.757,6.326,6.313,6.073,7.381,5.571,7.383,6.067,5.968,6.042,6.284,6.422
41,H2',4.59,4.304,4.69,4.736,4.295,4.988,4.74,4.708,4.738,5.008,4.796,4.603,5.0,3.865,5.262,4.5,4.164,5.031,4.893,4.669
41,H3',4.921,4.342,5.021,5.077,4.454,4.911,4.81,4.421,4.498,5.045,4.953,4.756,4.661,3.935,4.908,4.598,4.023,4.778,5.024,4.694
41,H41,9.192,9.107,8.923,9.467,9.424,9.39,9.632,9.056,9.144,9.689,9.851,9.47,9.621,9.551,9.359,9.421,8.961,9.549,9.599,9.365
41,H42,7.001,4.88,5.14,7.344,5.303,5.199,5.896,5.017,5.588,6.813,5.581,5.044,4.69,6.295,4.393,5.479,5.05,5.327,8.305,5.173
41,H4',4.461,4.074,4.712,4.914,4.302,4.674,4.706,4.428,4.404,4.849,4.818,4.592,4.848,4.09,5.109,4.516,4.185,4.732,4.824,4.573
41,H5,6.289,5.063,6.581,5.996,5.108,6.095,6.383,5.153,6.176,5.718,5.914,5.184,5.316,5.783,5.19,5.299,4.949,5.917,6.477,5.394
41,H5',4.499,3.99,4.38,4.39,4.218,4.525,4.304,4.192,4.135,4.36,4.226,4.491,4.478,4.665,4.273,4.33,3.925,4.253,4.874,4.191
41,H5'',4.492,3.738,4.136,4.413,3.816,4.348,4.153,3.958,3.934,4.273,4.152,4.324,3.864,3.964,4.143,4.105,3.729,4.174,4.792,4.141
41,H6,8.099,8.045,8.141,7.868,8.013,8.115,8.252,7.965,8.075,7.717,7.989,8.189,8.585,8.016,7.979,8.289,7.778,8.141,8.182,8.25
41,HO2',2.746,3.235,3.088,3.095,3.055,3.021,3.075,3.172,5.916,2.682,3.051,3.047,4.297,2.861,5.82,2.968,3.039,3.19,3.068,4.453
41,N1,168.306,168.066,172.954,170.662,168.429,168.931,168.229,166.862,164.709,168.89,170.023,168.468,175.075,166.061,172.762,167.004,168.724,166.141,167.732,169.5
41,N3,220.001,217.245,215.919,217.575,218.981,210.504,219.584,212.877,213.261,209.525,211.839,208.287,209.455,216.276,217.473,216.766,211.863,213.404,218.089,217.19
41,N4,108.94,108.388,104.578,108.917,105.447,102.428,108.388,104.041,103.139,106.248,107.661,115.179,113.958,118.362,106.365,106.677,105.176,104.226,112.266,109.965
41,P,-22.139,-18.96,-20.639,-17.232,-19.227,-22.103,-18.531,-20.213,-19.839,-16.561,-18.731,-20.382,-20.64,-14.747,-20.499,-20.548,-17.381,-20.015,-21.621,-18.747
42,C1',99.654,96.425,100.68,100.975,97.443,101.083,99.829,96.676,97.626,100.921,100.879,99.387,101.06,96.335,101.682,97.603,96.931,99.448,100.783,98.953
42,C2,149.0,148.334,150.071,151.111,148.97,149.612,149.965,148.913,149.253,151.043,151.013,149.618,151.041,148.693,150.595,149.554,148.554,149.607,149.631,149.675
42,C2',78.033,75.928,78.516,79.015,76.673,79.745,78.752,75.991,77.303,78.966,79.008,79.526,78.867,76.108,78.663,77.478,76.932,78.358,80.777,77.743
42,C3',75.573,72.891,76.36,77.194,73.539,77.814,76.528,73.402,74.292,76.942,76.985,76.863,76.992,72.976,77.788,74.507,73.756,75.812,78.515,74.952
42,C4,163.144,160.582,162.83,162.24,161.033,163.362,162.323,160.058,160.588,162.262,162.273,161.496,162.264,160.37,164.663,159.934,161.374,161.563,162.619,161.857
42,C4',83.788,79.795,84.527,85.384,81.492,85.64,84.292,80.796,81.945,85.565,85.367,85.045,85.194,80.357,86.386,81.625,81.556,83.767,86.744,83.465
42,C5,104.973,103.507,105.813,105.283,103.099,106.62,105.878,102.697,103.76,105.805,105.176,105.514,104.025,102.819,104.779,103.779,104.189,105.008,108.534,103.507
42,C5',69.129,65.354,68.266,68.352,66.126,71.922,69.29,65.188,67.479,68.232,68.109,71.375,68.056,65.401,68.023,68.183,65.317,69.114,74.524,66.938
42,C6,142.06,140.243,141.707,141.399,140.049,143.78,141.86,138.79,138.541,140.962,141.317,141.13,142.189,139.374,143.818,138.322,140.633,141.584,142.598,140.859
42,H1',6.207,5.861,6.302,6.506,5.98,6.357,6.336,5.783,6.109,6.517,6.539,6.125,6.532,5.911,6.23,6.161,5.723,6.359,6.396,6.15
42,H2',5.017,4.582,5.074,5.238,4.685,5.179,5.068,4.743,4.865,5.225,5.224,4.971,5.207,4.601,5.214,4.971,4.45,5.109,5.247,4.929
42,H3,12.772,12.188,13.006,13.235,12.496,12.902,12.849,12.421,12.562,13.193,13.2,12.715,13.219,12.291,13.337,12.597,12.202,12.788,12.808,12.736
42,H3',4.916,4.467,4.965,5.112,4.612,5.046,4.934,4.595,4.672,5.077,5.059,4.855,5.127,4.441,5.129,4.783,4.356,4.911,5.078,4.758
42,H4',4.647,4.167,4.785,4.91,4.286,4.896,4.734,4.475,4.48,4.905,4.901,4.611,4.922,4.193,5.029,4.562,4.098,4.781,4.89,4.584
42,H5,5.349,5.074,5.252,5.296,5.139,5.541,5.346,5.176,5.243,5.259,5.304,5.418,5.317,5.134,5.319,5.303,4.98,5.38,5.55,5.207
42,H5',4.531,4.041,4.466,4.49,4.184,4.775,4.496,4.474,4.642,4.505,4.485,4.633,4.793,4.04,4.969,4.478,4.239,4.831,4.976,4.329
42,H5'',4.109,3.728,4.027,3.997,3.826,4.314,4.114,3.881,3.875,4.027,4.007,4.279,3.918,3.65,4.03,4.096,3.652,4.047,4.605,3.895
42,H6,8.743,8.357,8.671,8.706,8.456,8.869,8.665,8.513,8.585,8.69,8.678,8.717,8.76,8.378,8.898,8.583,8.332,8.731,8.932,8.571
42,HO2',2.977,3.062,3.078,3.111,3.04,2.96,3.081,3.012,2.991,3.105,3.082,3.012,3.027,3.054,3.096,3.006,3.025,3.065,3.065,3.175
42,N1,172.77,168.613,173.529,173.9,170.131,174.538,172.74,169.122,169.338,173.491,174.023,171.945,174.43,168.692,177.827,169.019,169.672,172.202,173.289,172.227
42,N3,182.046,178.376,183.502,184.692,179.789,182.044,182.39,178.777,178.87,183.99,184.167,179.183,184.572,178.859,185.493,178.784,178.058,181.587,180.345,181.546
42,P,-20.439,-19.044,-21.161,-20.116,-19.322,-21.852,-20.932,-19.656,-20.677,-21.235,-20.853,-21.238,-21.695,-18.7,-21.139,-20.814,-17.897,-22.114,-22.93,-19.82
43,C1',99.223,96.52,100.004,100.535,97.515,100.709,99.716,97.174,97.865,100.439,100.501,99.688,100.516,96.704,101.474,97.726,97.209,99.26,100.888,98.729
43,C2,146.256,147.08,146.298,146.01,146.929,146.564,146.581,146.682,146.584,145.948,146.113,146.876,146.001,146.986,145.652,146.521,147.489,146.493,146.765,146.519
43,C2',78.329,75.97,78.724,79.07,76.801,80.056,78.744,76.346,77.082,78.979,78.965,79.445,79.077,76.262,79.392,77.167,76.817,78.306,80.736,77.77
43,C3',76.004,73.282,76.779,77.529,74.218,78.241,77.035,73.805,74.89,77.483,77.419,77.349,77.451,73.525,77.741,75.046,74.301,76.556,79.15,75.494
43,C4,150.167,149.193,150.083,150.306,149.792,150.207,149.879,149.873,150.153,150.263,150.386,150.163,150.384,149.462,150.916,150.227,149.103,149.875,150.164,150.111
43,C4',83.242,79.982,84.116,84.553,81.001,85.605,83.635,80.521,81.443,84.459,84.382,84.526,84.887,79.823,86.284,81.344,81.098,82.904,85.962,82.778
43,C5,119.718,119.343,119.973,119.98,119.047,119.961,119.714,118.688,118.29,119.879,119.835,118.329,120.149,118.841,120.522,118.134,119.061,119.501,119.03,119.495
43,C5',69.056,65.267,68.094,68.083,66.376,71.916,69.297,65.826,67.683,68.118,68.012,71.673,68.029,65.671,68.249,68.568,66.341,68.98,74.732,67.058
43,C6,154.672,154.949,154.992,154.745,154.193,154.954,154.882,153.765,153.476,154.671,154.703,153.529,154.782,154.453,154.968,153.414,154.989,154.706,154.2,154.467
43,C8,129.808,130.605,130.51,131.099,129.928,131.74,131.718,129.713,129.845,130.991,130.952,131.154,130.874,130.417,129.727,129.784,131.454,131.237,132.468,130.151
43,H1,11.939,11.557,11.952,12.042,11.772,12.014,11.935,11.832,11.97,12.029,12.02,12.101,12.052,11.637,12.076,12.015,11.573,11.915,12.175,11.884
43,H1',6.355,5.886,6.412,6.559,6.008,6.439,6.381,6.047,6.116,6.549,6.551,6.14,6.548,5.932,6.5,6.21,5.768,6.405,6.453,6.245
43,H21,8.817,8.494,8.698,8.756,8.716,8.772,8.69,8.87,8.996,8.758,8.739,9.037,8.748,8.654,8.727,9.069,8.472,8.773,9.027,8.756
43,H22,4.959,4.792,4.726,4.604,5.023,4.792,4.661,5.01,5.125,4.606,4.596,5.089,4.616,4.865,4.616,5.268,4.619,4.749,4.9,4.829
43,H2',4.809,4.354,4.83,4.943,4.492,4.931,4.816,4.534,4.652,4.94,4.935,4.732,4.953,4.404,4.916,4.705,4.233,4.838,4.995,4.659
43,H3',4.798,4.294,4.864,4.98,4.485,4.956,4.813,4.509,4.574,4.983,4.966,4.739,4.997,4.308,5.037,4.652,4.266,4.803,4.974,4.685
43,H4',4.675,4.103,4.785,4.943,4.307,4.861,4.734,4.299,4.446,4.921,4.919,4.591,4.838,4.232,4.852,4.518,4.069,4.756,4.91,4.53
43,H5',4.569,4.064,4.482,4.524,4.221,4.799,4.571,4.21,4.376,4.514,4.502,4.67,4.498,4.141,4.506,4.484,4.032,4.59,5.014,4.326
43,H5'',4.144,3.753,4.045,4.045,3.837,4.384,4.151,3.893,3.965,4.042,4.041,4.299,4.062,3.735,4.041,4.064,3.703,4.164,4.658,3.93
43,H8,7.665,7.309,7.6,7.633,7.459,7.678,7.571,7.482,7.589,7.638,7.613,7.621,7.625,7.365,7.683,7.623,7.244,7.604,7.763,7.521
43,HO2',3.03,3.001,3.052,3.056,2.999,3.056,3.033,3.011,2.949,3.03,3.057,3.037,3.117,3.005,3.023,2.806,3.083,3.019,2.987,2.964
43,N1,156.853,157.237,157.121,156.734,156.509,157.557,157.181,155.491,155.576,156.701,156.723,156.064,157.057,156.575,157.133,155.112,157.463,156.721,156.694,156.828
43,N2,91.863,91.694,91.826,92.423,90.828,92.657,92.905,92.165,92.131,92.143,92.344,92.311,91.539,92.289,91.153,92.043,92.406,92.97,94.071,92.035
43,N3,180.768,181.729,180.484,180.347,182.84,180.94,180.276,183.829,183.688,180.433,180.536,182.92,180.784,181.94,180.996,183.98,181.757,180.679,180.766,181.815
43,N7,245.883,246.679,249.028,247.682,244.096,249.956,248.173,240.291,238.889,246.861,246.867,243.795,248.457,243.522,247.79,238.602,247.673,246.245,247.712,245.402
43,N9,182.036,183.401,183.807,184.818,181.8,185.315,185.499,180.957,182.183,184.501,184.835,185.402,184.627,182.93,182.903,181.978,184.726,184.461,186.997,182.848
43,P,-21.059,-18.593,-19.75,-20.186,-18.173,-21.389,-20.262,-19.349,-20.006,-20.2,-20.054,-21.194,-19.956,-18.59,-19.463,-19.805,-16.999,-20.541,-22.385,-19.656
44,C1',100.636,97.498,101.392,101.472,98.522,102.006,100.678,98.324,99.094,101.37,101.399,100.727,101.627,97.608,102.541,99.077,97.949,100.323,102.034,99.824
44,C2,152.278,151.819,153.881,154.698,151.946,152.714,153.149,151.757,151.35,154.608,154.501,151.205,154.662,151.651,154.999,151.081,151.929,152.879,151.417,152.958
44,C2',78.951,76.836,79.272,79.809,77.368,80.974,79.648,77.056,77.893,79.802,79.661,80.346,79.642,76.667,80.126,78.214,77.459,79.269,81.821,78.489
44,C3',75.779,72.862,76.692,77.298,74.039,77.963,76.607,73.784,74.466,77.152,77.066,77.175,77.454,73.15,77.703,74.678,73.647,76.152,78.803,75.305
44,C4,154.708,154.325,154.993,154.594,154.412,155.2,154.687,154.094,154.006,154.631,154.663,154.818,154.734,154.183,155.783,153.604,155.171,154.242,155.006,154.711
44,C4',83.692,79.918,84.28,85.134,81.259,85.688,84.167,80.624,81.729,85.018,85.018,84.921,84.893,80.084,86.527,81.905,81.579,83.571,86.334,82.775
44,C5,96.113,94.73,96.49,96.787,95.088,98.217,97.41,94.28,94.937,96.764,96.769,96.848,96.146,94.949,96.858,95.045,95.861,96.991,99.051,95.612
44,C5',68.582,65.221,67.607,67.684,65.822,71.38,68.785,65.796,67.206,67.663,67.594,71.192,67.248,65.343,67.869,67.947,65.715,68.534,74.105,66.792
44,C6,139.646,138.9,140.475,139.866,137.77,141.964,140.381,136.878,136.713,139.731,139.848,138.707,140.122,137.452,140.593,136.468,139.158,139.685,141.051,138.7
44,H1',6.139,5.768,6.287,6.484,5.859,6.332,6.269,5.901,5.98,6.454,6.455,6.04,6.459,5.782,6.422,6.019,5.641,6.298,6.324,6.102
44,H2',4.64,4.236,4.687,4.796,4.298,4.844,4.659,4.306,4.441,4.781,4.756,4.577,4.771,4.179,4.771,4.542,4.046,4.686,4.893,4.523
44,H3',4.631,4.116,4.678,4.808,4.297,4.797,4.63,4.364,4.407,4.8,4.794,4.557,4.833,4.16,4.88,4.478,4.047,4.635,4.804,4.484
44,H41,9.678,9.4,9.77,9.873,9.594,9.618,9.604,9.678,9.75,9.881,9.85,9.638,9.847,9.473,9.951,9.761,9.239,9.673,9.633,9.682
44,H42,5.177,5.216,5.064,4.951,5.217,5.165,5.077,5.273,5.422,4.983,4.966,5.398,4.978,5.23,4.866,5.473,5.15,5.153,5.337,5.126
44,H4',4.642,4.19,4.773,4.905,4.35,4.893,4.704,4.362,4.437,4.875,4.879,4.602,4.941,4.225,4.909,4.538,4.054,4.726,4.877,4.613
44,H5,4.745,4.48,4.69,4.735,4.462,4.884,4.738,4.514,4.583,4.733,4.716,4.765,4.795,4.432,4.739,4.675,4.35,4.737,4.99,4.594
44,H5',4.604,4.113,4.524,4.516,4.292,4.806,4.56,4.257,4.413,4.528,4.526,4.684,4.544,4.141,4.56,4.531,4.052,4.573,5.013,4.371
44,H5'',4.11,3.694,3.953,4.018,3.838,4.368,4.098,3.792,3.923,4.003,4.009,4.29,4.006,3.701,3.964,4.077,3.71,4.134,4.604,3.869
44,H6,7.995,7.803,7.938,7.947,7.833,8.128,7.983,7.861,7.943,7.95,7.934,8.053,7.951,7.792,7.901,8.017,7.718,8.007,8.227,7.884
44,HO2',2.988,3.13,3.031,3.11,3.003,3.16,3.134,3.021,3.035,3.116,3.095,3.055,3.081,3.045,3.067,3.043,3.183,3.091,3.09,3.123
44,N1,168.298,167.589,170.192,170.525,166.87,170.535,169.675,166.138,165.89,170.121,170.194,167.646,170.511,166.486,171.198,165.314,168.068,168.663,169.007,168.519
44,N3,217.398,215.225,216.449,214.863,215.46,214.601,213.745,214.673,214.749,215.047,214.864,212.526,215.611,214.562,219.334,213.973,214.236,213.995,211.869,216.689
44,N4,113.383,112.432,113.851,114.101,112.906,114.162,113.739,112.004,112.969,113.99,113.939,114.313,113.64,112.548,113.938,113.029,112.168,113.586,114.681,112.85
44,P,-21.627,-17.821,-19.93,-20.151,-18.575,-21.601,-20.422,-19.357,-19.936,-20.424,-20.431,-20.801,-20.228,-18.29,-20.508,-20.881,-18.31,-20.877,-22.58,-18.704
